"Filename","202_3.mzML","202_1.mzML","202_2.mzML","203_1.mzML","203_2.mzML","203_3.mzML","204_1.mzML","204_2.mzML","205_1.mzML","205_2.mzML","206_1.mzML","206_2.mzML","207_2.mzML","207_1.mzML","208_2.mzML","208_1.mzML","209_2.mzML","209_1.mzML","210_1.mzML","210_2.mzML","211_1.mzML","211_2.mzML","212_1.mzML","212_2.mzML","213_1.mzML","213_3.mzML","213_2.mzML"
"Sample",202,202,202,203,203,203,204,204,204,204,204,204,204,204,204,204,204,204,204,204,204,204,204,204,213,213,213
"2/CC(CC(C)NC)CC(C)NC(=O)CCCCC(=O)NCCNCCNC(=O)CCCCC(=O)C/N''-[4-methyl-6-(methylamino)heptan-2-yl]-N-[2-[2-(6-oxoheptanoylamino)ethylamino]ethyl]hexanediamide/498.4023mz",830482.5625,793457.8125,798402.25,NA,851639.875,849604.3125,NA,NA,854867.25,892626.0625,859430.375,899694.625,NA,NA,851674.1875,848153.1875,NA,NA,874891.1875,890039.875,901516,857321.625,NA,NA,NA,NA,NA
"43/CCC(C)C(C(=O)NCC(=O)O)NC(=O)CNC(=O)C1CCCN1/2-[[3-methyl-2-[[2-(pyrrolidine-2-carbonylamino)acetyl]amino]pentanoyl]amino]acetic acid/343.1990mz",1496514.375,12153586,NA,NA,NA,NA,NA,NA,5032251.5,1426068.25,5054121,4603609.5,3449581.5,7018130,7997458.5,10131096,427135.09375,421867.03125,NA,NA,5672721.5,5754621,5030689,1947943,3981819.75,2761702,1923208.375
"46/CCN(CC)P(=NP(=O)(Cl)Cl)(Cl)Cl/Phosphoramidic dichloride, [dichloro(diethylamino)phosphoranylidene]-/342.8649mz",2798757.5,22083308,NA,NA,NA,NA,NA,NA,8950089,2582677.5,8947676,8110842,6381231.5,12570059,14347038,17740998,840707,803642.5625,NA,NA,10074865,10266829,8721860,3433277.5,7069542.5,4946157.5,3471140.25
"53/CC(C)CC(C(CC(=O)OC(CC(=O)O)C(CC(C)C)N)O)N/null/333.2396mz",1201838.75,NA,399734.6875,NA,NA,NA,NA,NA,NA,NA,NA,NA,NA,NA,NA,NA,NA,NA,NA,NA,NA,NA,NA,NA,NA,NA,NA
"60/NA/NA/Comphene",718219.1875,NA,243722.734375,NA,NA,NA,NA,NA,NA,NA,NA,NA,NA,NA,NA,NA,NA,NA,NA,NA,NA,NA,NA,NA,NA,NA,NA
"63/CC1([C]C2(CCC1C2)C)C/null/154.1596mz",1663277.375,NA,629433.9375,NA,NA,NA,NA,NA,NA,NA,NA,NA,NA,NA,NA,NA,NA,NA,NA,NA,NA,NA,NA,NA,NA,NA,NA
"64/NA/NA/Isophorone diamine",1115292.125,NA,409499.625,NA,NA,NA,NA,NA,NA,NA,NA,NA,NA,NA,NA,NA,NA,NA,NA,NA,NA,NA,NA,NA,NA,NA,NA
"65/NA/NA/Melibiose",1336808.75,1389947.875,NA,780159.5625,1019341.8125,463121.25,NA,NA,283339.3125,375445.1875,308149.125,542923.625,NA,NA,NA,NA,303234.34375,345541.625,377943.09375,299115.375,NA,NA,305304.3125,130946.5625,242276.671875,283561.46875,127125.0703125
"66/CCN(CC)CCCN(CC)CCCCCCCl/null/315.1957mz",571493.8125,NA,190880.375,NA,NA,NA,NA,NA,NA,NA,NA,NA,NA,NA,NA,NA,NA,NA,NA,NA,NA,NA,NA,NA,NA,NA,NA
"70/CCCCCCCCP(=O)(CCCN)CCCN/null/299.2216mz",483823.28125,NA,170563.59375,NA,NA,NA,NA,NA,NA,NA,NA,NA,NA,NA,NA,NA,NA,NA,NA,NA,NA,NA,NA,NA,NA,NA,NA
"72/CCCC1(CC1)CNCC2(CC2)CC#N/null/207.1862mz",833544.9375,NA,330962.1875,NA,NA,NA,NA,NA,NA,NA,NA,NA,NA,NA,NA,NA,NA,NA,NA,NA,NA,NA,NA,NA,NA,NA,NA
"73/CC(C)N1CCC(CC1)N(C2CC2)C(=O)C/null/242.2235mz",582441.8125,NA,204730.734375,NA,NA,NA,NA,NA,NA,NA,NA,NA,NA,NA,NA,NA,NA,NA,NA,NA,NA,NA,NA,NA,NA,NA,NA
"74/CC1=NCCCN=C(CC(=NCCCN=C(C1)C)C)C/2,4,10,12-tetramethyl-1,5,9,13-tetrazacyclohexadeca-1,4,9,12-tetraene/277.2396mz",2952825,NA,1369215.375,NA,NA,NA,NA,NA,NA,NA,NA,NA,NA,NA,NA,NA,NA,NA,NA,NA,NA,NA,NA,NA,NA,NA,NA
"80/NA/NA/Spectral Match to 1-Amino-2-ethoxybenzene from NIST14",NA,906874.6875,5759109.5,NA,NA,NA,7550462,12047064,NA,NA,NA,NA,NA,NA,NA,NA,NA,NA,731238.4375,1093646.125,NA,NA,NA,NA,394405.96875,414634.875,NA
"84/CC(=O)NCC1=NC=CC(=N1)N(C)C/N-((4-(dimethylamino)pyrimidin-2-yl)methyl)acetamide/217.1055mz",392672.3125,NA,282787.90625,NA,NA,NA,NA,NA,NA,NA,NA,NA,NA,NA,NA,NA,NA,NA,NA,NA,NA,NA,NA,NA,NA,NA,NA
"102/B1(OC(C2C(O1)C3C(O2)OB(O3)CC)C)CC/.alpha.-l-Mannofuranoside, 6-deoxy-1,2:3,5-di-O-ethylboranediyl-/261.1316mz",417628.53125,NA,342094.4375,NA,NA,NA,NA,NA,NA,NA,NA,NA,NA,NA,NA,NA,NA,NA,NA,NA,NA,NA,NA,NA,NA,NA,NA
"109/CC(=O)OCC1C(C2C(CO1)N(C(=O)O2)C3=CC=C(C=C3)OC)OC(=O)C/null/380.1350mz",532326.125,678511.5625,NA,NA,NA,NA,NA,NA,NA,NA,NA,NA,542063.5625,227630.46875,NA,NA,NA,NA,505961.03125,346029.75,NA,NA,NA,NA,NA,NA,NA
"131/C(CCCN=C=O)CCNC(=O)NCCCCN=C=O/null/305.1579mz",375501.03125,NA,528239,NA,NA,NA,392601.09375,540715.375,NA,NA,NA,NA,NA,NA,NA,NA,NA,NA,NA,NA,NA,NA,NA,NA,NA,NA,NA
"132/COC1=CC(=CC(=C1O)OC)C=C/2,6-Dimethoxy-4-vinylphenol/181.0864mz",222516.15625,561114.625,NA,NA,NA,NA,NA,NA,NA,NA,NA,NA,NA,NA,NA,NA,NA,NA,NA,NA,NA,NA,NA,NA,NA,NA,NA
"133/C=CC1=CC=CC=C1/Annamene/105.0701mz",1044337.25,1636707.5,2654315.75,1293323.875,614079.875,1055583.625,3120689,3559757,429167.6875,384414.375,709975.8125,725662.625,2123135.5,851386.1875,NA,NA,1079289.5,1232795.5,5437434.5,4858064.5,596862.0625,163964.78125,1811210.25,513872.75,1668629.875,1886030.25,678740.75
"136/COC1=CC(=CC(=C1OC)OC)CCC(=O)O/Oprea1_083965/241.1075mz",927654.625,1323486.75,NA,NA,NA,NA,NA,NA,NA,NA,NA,NA,NA,NA,NA,NA,NA,NA,NA,NA,NA,NA,NA,NA,NA,NA,NA
"140/NA/NA/""""""3,5-DIMETHOXYPHENOL""""""",414037.15625,422838.5625,NA,NA,NA,NA,NA,NA,NA,NA,NA,NA,NA,NA,NA,NA,NA,NA,NA,NA,NA,NA,NA,NA,NA,NA,NA
"143/B12C3=CC=C(B4OCC(CO4)(NC(=O)C5=CC=C(C=C5)C(=O)NC(CO1)(CO2)CO)CO)C=C3/null/465.1883mz",331225.78125,353976.84375,NA,NA,NA,NA,NA,NA,139200.796875,293816.4375,NA,NA,NA,NA,NA,NA,NA,NA,NA,NA,NA,NA,NA,NA,NA,NA,NA
"153/CC(C)CC(C(=O)N)NC(=O)CNC(=O)C1CCCN1C(=O)C/null/327.2022mz",662412.75,513421.21875,1418506.375,NA,NA,NA,1287958.125,2407648,343531.8125,207748.234375,278220.1875,353813.1875,572567.375,359873.28125,296828.5625,433721.46875,273008.3125,305694.5,680860.625,711160.375,NA,NA,441533,249829.09375,396151.65625,169466.78125,182035.09375
"157/CC(C)C(C(=O)NC1CCCC1)NC(=O)C/N-cyclopentyl-2-acetamido-3-methylbutanamide/227.1759mz",11037700,9816182,4382309,NA,NA,NA,8645701,5793577.5,NA,NA,NA,NA,3875000.5,3421708.5,2166968,3792495.5,NA,NA,10638888,10104265,3486232.75,2509726.5,NA,NA,NA,NA,NA
"159/CC(C)(C)CC(=O)NCCNC(=O)C1CC1/null/249.1578mz",4082206.5,2854664,1257854,NA,NA,NA,2340224,1403114.75,NA,NA,NA,NA,NA,NA,NA,NA,NA,NA,2279641.75,2419124.75,NA,NA,NA,NA,NA,NA,NA
"166/NA/NA/""""""3,4,5-Trimethoxyphenol CollisionEnergy:102040""""""",1495189,1644923.375,NA,NA,NA,NA,NA,NA,NA,NA,NA,NA,NA,NA,NA,NA,NA,NA,NA,NA,NA,NA,NA,NA,NA,NA,NA
"167/CC(C)C1C(=O)N2CCCC2C(=O)N1/Cyclo(-Pro-Val)/197.1289mz",702025.375,735465,1134904.375,1881330.375,1385223.25,1677975.875,1312740.875,1508694.75,912446.0625,923231.75,1259629.625,1363953.125,1826982.875,1231851,1416456.125,1308524,1185501.875,1366592.375,1896477.625,1897139.125,1170905.875,1106911.625,1363473,478129.4375,1269580.375,947092.75,550314.75
"168/C1=CC=C2C(=C1)C3=C(N2)C(=NC=C3)C(CC(C(CO)O)O)O/null/303.1349mz",1137078.125,1599603.75,605827.75,1016214,1513057.125,732549.0625,1682694.5,737316.25,974317.4375,1567631.625,1491154.625,1525427.375,1565938.5,1113623.125,1266706.125,997983.25,1023116.125,1000049.375,1260411.75,1276156.125,1040999.125,1235250,1266877.5,494595.03125,1192281.75,1061518.25,678189.5625
"177/C(COCCOCCOCCOCCOCCOCCOCCO)O/PED-diol (n=8)/371.2286mz",564736.25,NA,1307131.375,NA,NA,NA,1196027,2184778,341358.25,419074,368843.46875,374547.78125,543192.5625,368610.375,376279.40625,377237.875,382656.4375,412164.03125,621923.4375,596082.6875,336492.15625,356800.59375,512749.5,275287.03125,515263.40625,284513.71875,293143.4375
"178/C(COCCOCCOCCOCCOCCOCCOCCO)O/PED-diol (n=8)/388.2550mz",1163186.375,773709.875,2534943.75,703674.1875,423944.09375,424176.03125,2303729,4104085.25,775167.875,836122.6875,769574.9375,828132.875,1099724.875,749710.875,818909,792190.6875,765961.9375,837718.8125,1190726.625,1272610.25,654093,801803.5,1033446.25,622375.3125,1021262.5,660590.9375,625304.5
"180/C=CC1=CNC2=CC=CC=C21/1H-Indole, 3-ethenyl-/144.0811mz",561994.9375,458225.65625,2280206.5,459033.59375,335497.90625,318360.53125,1576751.75,2815157,285014.59375,361641,476508.125,529808.875,695291.1875,500036.0625,446084.09375,435350.40625,387892.5625,429925.0625,653398.625,641246.625,444721.71875,473649.0625,NA,NA,568477.8125,484547.625,276103
"181/CC(C)CC(C(=O)O)NC(=O)C(C)NC(=O)C1CCCN1C(=O)C(C)N/2-[2-[[1-(2-aminopropanoyl)pyrrolidine-2-carbonyl]amino]propanoylamino]-4-methylpentanoic acid/393.2105mz",633886.4375,NA,1064329,NA,NA,NA,1102664.375,1736090.125,262321.5,281639.8125,273453.03125,287746.375,NA,NA,305186.4375,177285.234375,217665.578125,258379.03125,489231.5625,536436.8125,311877.15625,289653.65625,419745.84375,186488.265625,342131.84375,153377.640625,179035.359375
"182/NA/NA/3S_2349_Tetrahydro_1h_pyrido_34b_indole_carboxylic_acid",451553.53125,388997.71875,750391.9375,NA,NA,NA,728182.3125,854139.5625,NA,NA,384169.46875,367611.0625,595952.3125,340884.625,267593.875,336153.59375,309665.25,347941.96875,526038.9375,466061.78125,326906.3125,307760.6875,NA,NA,363933.71875,345347.125,126306.5
"183/NA/NA/""""""4-Allyl-2,6-dimethoxyphenol CollisionEnergy:102040""""""",381759.65625,392271,NA,NA,NA,NA,NA,NA,NA,NA,NA,NA,NA,NA,NA,NA,NA,NA,NA,NA,NA,NA,NA,NA,NA,NA,NA
"192/CCC(C)C(C(=O)NC(C)C(=O)NC(C(C)O)C(=O)NC(C(C)CC)C(=O)O)NC(=O)C(CO)N/(2S,3S)-2-[[(2S,3R)-2-[[(2S)-2-[[(2S,3S)-2-[[(2S)-2-amino-3-hydroxypropanoyl]amino]-3-methylpentanoyl]amino]propanoyl]amino]-3-hydroxybutanoyl]amino]-3-methylpentanoic acid/504.3041mz",552412.0625,827599.8125,NA,NA,NA,NA,NA,NA,NA,NA,NA,NA,NA,NA,NA,NA,NA,NA,NA,NA,NA,NA,NA,NA,NA,NA,NA
"193/NA/NA/RIBOFLAVIN",912044.125,1031015.5625,226857.21875,NA,NA,NA,NA,NA,NA,NA,NA,NA,NA,NA,296846.0625,231708.375,NA,NA,402830.8125,356522.53125,NA,NA,NA,NA,NA,NA,NA
"199/C1=CC=NC(=C1)CCCC(=O)O/4-pyridin-2-ylbutanoate/166.0866mz",143949.890625,206955.359375,NA,NA,NA,NA,NA,NA,NA,NA,NA,NA,NA,NA,NA,NA,NA,NA,NA,NA,NA,NA,NA,NA,NA,NA,NA
"207/CCC(C)C(C(=O)NC(CC(C)C)C(=O)NC(CO)C(=O)NC(CO)C(=O)NC(C(C)O)C(=O)O)NC(=O)C(C)N/null/591.3371mz",318691.4375,1252506.625,NA,NA,NA,NA,NA,NA,NA,NA,NA,NA,NA,NA,NA,NA,NA,NA,NA,NA,NA,NA,NA,NA,NA,NA,NA
"216/NA/NA/Spectral Match to Nonaethylene glycol from NIST14 [IIN-based on: CCMSLIB00003135822]",1485232.875,996548.4375,3794586,1222646.25,1083599.75,781873.9375,2975369.75,5493746,1078975.75,1231072.75,1054929.5,1101727,1268504,1023171.0625,1062521.25,991875.5625,1113028.75,974848.4375,1468663.5,1535662.625,932363.3125,1013704.25,1327325.625,861935.5625,1329838.125,893957.0625,880899.75
"228/CC1=CC(=C(C=C1)OC2C(C(C(C(O2)COC(=O)C)OC(=O)C)OC(=O)C)OC(=O)C)OC/null/491.1537mz",321478.625,393138.28125,621188.6875,548036.25,837482,418792.09375,671368.5625,706262.9375,432397.46875,462048.71875,454024.21875,373196.65625,NA,NA,421261.75,307585.9375,509161.03125,442347.4375,459973.34375,478940.46875,346251.0625,363517.34375,444473.9375,514631.21875,454265.4375,421041.8125,493422.8125
"240/NA/NA/FERULATE",576437.1875,696867.875,NA,NA,NA,NA,NA,NA,NA,NA,257647.15625,257998.78125,NA,NA,NA,NA,NA,NA,304064.34375,336547.65625,NA,NA,NA,NA,NA,NA,NA
"243/NA/NA/""NCGC00384535-01!8-[4,5-dihydroxy-6-(hydroxymethyl)-3-(3,4,5-trihydroxy-6-methyloxan-2-yl)oxyoxan-2-yl]-7-hydroxy-2-(4-hydroxyphenyl)-5-[3,4,5-trihydroxy-6-(hydroxymethyl)oxan-2-yl]oxychromen-4-one""",NA,504784.40625,404418.40625,254564.984375,414855.40625,NA,549604.4375,413326.53125,194453.953125,350521.1875,359740.84375,340684.1875,465744.5625,281380.9375,330609.9375,227888.09375,333936.84375,314410.03125,286484.25,329164.84375,254254.15625,267037.625,NA,NA,313223.71875,250810.75,123691.3984375
"250/CC(C)CC(C(=O)NC(C)C(=O)NO)NC(=O)C1CCCN1C(=O)CNCC2=CC=C(C=C2)N/null/499.2645mz",6358943,6094933,NA,NA,NA,NA,NA,NA,NA,NA,NA,NA,NA,NA,NA,NA,NA,NA,NA,NA,NA,NA,NA,NA,NA,NA,NA
"253/NA/NA/Cyclo(Leu-Pro)",1663049.25,1698789.125,4089329.25,6026323,7186493,4616067.5,3420947.75,4819681.5,2553591.75,3276381,2932496.75,3133251,3584808,2945665.25,3082118.25,2692942.25,3255577,3189485.75,3599195.5,3695261.5,2567033.25,2823987.5,3047924.5,1333576.25,2866849,2458754.5,1614748.25
"257/CCOC(=O)C1=C(N(N=N1)C2C(C(C(C(O2)COC(=O)C)OC(=O)C)OC(=O)C)OC(=O)C)C(=O)OCC/diethyl 1-[(2R,3R,4S,5R,6R)-3,4,5-triacetyloxy-6-(acetyloxymethyl)oxan-2-yl]triazole-4,5-dicarboxylate/566.1599mz",490094.34375,694048.25,797067.375,591583.0625,NA,299710.84375,792890.375,746071.75,336215.375,729571.5,694550.625,649162,814317.375,508879.875,509567.5,363076.09375,573830.8125,606288.625,499236.34375,456111.5625,437331.25,488010.28125,682647.25,150757.703125,614967.25,569986.375,249843.375
"258/NA/NA/Isoshaftoside",2354777.5,3027433.25,3105163,2586206.75,3314314.5,1752654.625,3270535.25,3111939.25,1576973.75,2893154,2829503.5,2658261.75,3482263.5,2126824.75,2205274.75,1755457.875,2490337.5,2405252.75,2187416,1997873.25,2087027.75,2123979.5,2691503.75,897763.6875,2587982.75,2327000.5,1207513.875
"272/CCC(C)C(C(=O)NC(CCC(=O)O)C(=O)NC(C(C)C)C(=O)NC(C(C)C)C(=O)O)N/4-[(2-amino-3-methylpentanoyl)amino]-5-[[1-[(1-carboxy-2-methylpropyl)amino]-3-methyl-1-oxobutan-2-yl]amino]-5-oxopentanoic acid/481.2629mz",253099.734375,NA,535626.8125,NA,NA,NA,NA,NA,NA,NA,NA,NA,NA,NA,NA,NA,NA,NA,284527.5625,308514.8125,NA,NA,NA,NA,NA,NA,NA
"274/NA/NA/Spectral Match to Decaethylene glycol from NIST14 [IIN-based on: CCMSLIB00003135910]",NA,596141.1875,3703644.5,NA,609126,385310.53125,2424739,4889052,NA,NA,NA,NA,NA,NA,NA,NA,593885.1875,503805.4375,NA,NA,NA,NA,841625.75,495819.75,NA,562285.8125,518389.46875
"275/CC(C)CC(C(=O)NC(CC1=CC=CC=C1)C(=O)NC(C(C)O)C(=O)O)NC(=O)C(CC2=CNC3=CC=CC=C32)N/2-[[2-[[2-[[2-amino-3-(1H-indol-3-yl)propanoyl]amino]-4-methylpentanoyl]amino]-3-phenylpropanoyl]amino]-3-hydroxybutanoic acid/566.2998mz",1680972.25,2038051.375,NA,NA,NA,NA,NA,NA,NA,NA,NA,NA,NA,NA,NA,NA,NA,NA,NA,NA,NA,NA,NA,NA,NA,NA,NA
"276/C1=CC=C(C=C1)S(=O)(=O)N(C2=CC=CC=C2Br)C3=CC(=NC(=C3)Br)Br/null/566.8011mz",954241.625,1171766.875,NA,NA,NA,NA,NA,NA,NA,NA,NA,NA,NA,NA,NA,NA,NA,NA,NA,NA,NA,NA,NA,NA,NA,NA,NA
"280/CCC(C)C(C(=O)NC(CC(=O)O)C(=O)NC(CC(C)C)C(=O)NC(CCC(=O)N)C(=O)NC(CCC(=O)O)C(=O)NC(CC(C)C)C(=O)NCC(=O)O)N/null/787.4224mz",1380562.875,3587345.25,NA,NA,NA,NA,NA,NA,NA,NA,NA,NA,NA,NA,NA,NA,NA,NA,NA,NA,NA,NA,NA,NA,NA,NA,NA
"286/NA/NA/Spectral Match to Phe-Leu from NIST14",1074399.25,469483.40625,NA,NA,NA,NA,NA,NA,NA,NA,NA,NA,NA,NA,NA,NA,NA,NA,NA,NA,NA,NA,NA,NA,NA,NA,NA
"287/COC1=CC(=C2C(=C1)C=C(C=C2OC)OC)OC/1,3,6,8-tetramethoxynaphthalene/249.1125mz",1141194.5,1271410.625,NA,593465.9375,969428.3125,NA,NA,NA,NA,NA,547750.6875,522289.375,NA,NA,NA,NA,NA,NA,648628.0625,648257.375,NA,NA,NA,NA,NA,NA,NA
"288/NA/NA/Swertiajaponin",466949.4375,453293.84375,309554.25,217316.65625,373703.46875,NA,273557.1875,228592.5625,NA,NA,315737.09375,187657.546875,NA,NA,NA,NA,204124.40625,203347.03125,NA,NA,NA,NA,NA,NA,247256.34375,226023.140625,NA
"308/CN(C)C(=O)C=CC1=CC=CC=C1CN2C3C(=O)OC4CC3(C(O2)C5C4OCO5)C(=O)N6CCCC6C(=O)NCCO/null/607.2383mz",419942.5625,493542.71875,NA,NA,NA,NA,NA,NA,NA,NA,182656.234375,178517.359375,NA,NA,NA,NA,NA,NA,NA,NA,NA,NA,NA,NA,NA,NA,NA
"326/NA/NA/Spectral Match to Undecaethylene glycol from NIST14 [IIN-based on: CCMSLIB00003138750]",1332907.875,634911.625,3437218.75,777559.625,945861.25,416685.34375,2081445.25,4038029,742588.25,636937.875,545125.625,567391,710041.9375,607403.6875,590175.6875,572096.125,462211.75,433489.9375,915073.0625,966598.25,585217.25,591879.3125,844189.1875,588869,858982.625,570914.375,590099.9375
"335/C(CCC(=O)O)CCNC(=O)CCCCC(=O)NCCCCCC(=O)O/null/373.2341mz",1446056.375,1792829,259358.078125,281818.71875,951198.125,309117.3125,NA,NA,542995.75,376854.4375,455607.0625,637964,448759.875,724487.0625,577327.6875,444981.9375,315713.40625,366735.90625,1797150.375,2123677,518471.5,452241.1875,NA,NA,304374.78125,155829.140625,NA
"337/CC(C)CC(C(=O)O)NC(=O)CCCCC(=O)NC(CC(C)C)C(=O)O/2-{5-[N-(1-carboxy-3-methylbutyl)carbamoyl]pentanoylamino}-4-methylpentanoic a cid/395.2159mz",1343715.5,1791138.375,NA,287386.125,949157.5,298211.5,NA,NA,444795.90625,407044.03125,456923.375,637593.4375,504743.21875,697972.9375,575839.6875,483931.5625,311171.125,357589.15625,1675052.375,1879764.375,555413.875,468220.875,NA,NA,324920,169658.890625,NA
"372/CCC(C)C(C(=O)NC(CO)C(=O)O)NC(=O)C(C(C)C)NC(=O)C(CS)NC(=O)CNC(=O)CNC(=O)C(CCCCN)N/2-[[2-[[2-[[2-[[2-[[2-(2,6-diaminohexanoylamino)acetyl]amino]acetyl]amino]-3-sulfanylpropanoyl]amino]-3-methylbutanoyl]amino]-3-methylpentanoyl]amino]-3-hydroxypropanoic acid/663.3518mz",3541624.25,8418992,NA,NA,NA,NA,NA,NA,NA,NA,NA,NA,NA,NA,NA,NA,NA,NA,NA,NA,NA,NA,NA,NA,NA,NA,NA
"385/COC1=C(C=C(C=C1)CC(=O)CC2=CC(=C(C=C2)OC)OC)OC/1,3-bis(3,4-dimethoxyphenyl)propan-2-one/331.1547mz",589063.9375,786692.875,NA,NA,NA,NA,NA,NA,NA,NA,191439.484375,210448.46875,NA,NA,NA,NA,NA,NA,NA,NA,NA,NA,NA,NA,NA,NA,NA
"388/CC(C=O)NC(=O)C(C)NC(=O)C(CCCC[N+](C)(C)C)NC(=O)C(CCCN=C(N)N)NC(=O)C(C)N/null/564.3602mz",1068595.75,238642.6875,2917311.25,422267.28125,439755.15625,NA,1130925.625,3036339,344302.8125,333279.4375,NA,NA,NA,NA,285311.75,304193.28125,NA,NA,NA,NA,NA,NA,448745.21875,355777.0625,475984,NA,331781.46875
"400/C1CCC(CC1)N(C2CCCCC2)O[N+]=O/null/227.1756mz",9332301,6540082.5,4386980,1361254.75,3851444,3235844.5,8236130,5120412,3489245.5,1859235.875,1721803.75,3044911,2483157,3435940,3099747.25,3083739.5,1693929.625,1732830.75,7472369,9065162,3031951.25,3346357.75,NA,NA,1735580.75,1746385.5,NA
"402/CCC(C)C1C(=O)NC(C(=O)NC(C(=O)NC(C(=O)N1)CC(C)C)C(C)CC)CC(C)C/null/453.3441mz",85001728,73264040,57463576,24303186,54751036,41905808,80167592,59262528,42538524,31792440,29947144,43841708,44180556,44621568,38858872,40053528,29976908,28513624,76362936,84707664,41343128,50911368,26965872,19793442,30416722,31737584,19573978
"430/COC1=CC(=CC(=C1OC(CO)C(C2=CC(=C(C(=C2)OC)O)OC)OC3C(C(C(C(O3)CO)O)O)O)OC)C=CCO/null/621.2166mz",283111.25,399577.21875,NA,419729.71875,503996.75,282019.15625,NA,NA,342930.34375,440208.59375,407412.15625,401129.03125,380935.71875,359709.28125,299406.78125,369668.90625,407638.25,370780.75,340269.40625,342796.90625,265886.90625,356654.46875,315465.34375,262190.53125,277744.21875,337917.21875,271583.625
"444/CC(=O)OCCN(C)CCN(CCN(CCOC(=O)C)CCOC(=O)C)CCN(CCOC(=O)C)CCOC(=O)C/null/608.3867mz",1134300.5,205369.453125,2332340,187826.265625,232573.125,NA,984224,2135578.5,182509.265625,129539.8828125,120290.65625,127291.1640625,168069.421875,156263.21875,NA,NA,NA,NA,264197.5,265825.03125,156970.765625,146088.375,296175.46875,209007.953125,258879.03125,183051.15625,206541.78125
"464/CCC(C)C(C(=O)NC(CCSC)C(=O)O)NC(=O)C(C)NC(=O)C(C)NC(=O)C1CCCN1C(=O)C2CCCN2/null/599.3233mz",1827979.75,1897766.125,NA,NA,NA,NA,NA,NA,NA,NA,NA,NA,NA,NA,NA,NA,NA,NA,NA,NA,NA,NA,NA,NA,NA,NA,NA
"471/CCC(C)C1C(=O)NC(C(=O)NC(C(=O)NC(C(=O)NC(C(=O)N1)CC(C)C)CC(C)C)CC(C)C)CC(C)C/null/566.4287mz",4546102.5,4793033.5,5360170,6445474.5,6256370,5714454,6027478.5,5562458.5,6028084,6499668,6187762.5,5374791.5,5794475,6305110.5,5579909.5,6371664.5,7294452,6170690,5129579.5,5931556,6780993,5458971.5,7653672.5,7882487.5,6140689,6295421,6561563
"475/COC1=C(C=CC(=C1)C2=CC(=O)C3=C(C(=C(C=C3O2)OC)C4C(C(C(C(O4)CO)O)O)O)O)O/7,3''-Di-O-methylisoorientin/477.1399mz",456489.46875,601249.9375,473482.875,404806.375,571755.3125,NA,599475.3125,457896.25,NA,NA,442081.90625,339309.90625,NA,NA,NA,NA,388062.0625,350845.71875,NA,NA,NA,NA,NA,NA,396158.90625,358861.0625,NA
"487/CC(=O)P(=O)(OCC1CCCCC1)OCC2CCCCC2/null/318.1964mz",278452.25,NA,443286.84375,NA,NA,NA,NA,NA,NA,NA,NA,NA,NA,NA,NA,NA,NA,NA,NA,NA,NA,NA,NA,NA,NA,NA,NA
"489/CCCCCCCCCCCCOP(=O)(O)OCC1=CC=C(C=C1)COP(=O)(O)OCCCCCCCCCCCC/null/652.4123mz",1154227.75,NA,1648014.625,NA,NA,NA,402730.9375,1230121.875,NA,NA,NA,NA,NA,NA,NA,NA,NA,NA,NA,NA,NA,NA,NA,NA,NA,NA,NA
"490/C1CC(N(C1)C(=O)C(CC2=CC=C(C=C2)O)N)C(=O)NC(CC3=CC=CC=C3)C(=O)N4CCCC4C(=O)O/ACMC-20mjoj/523.2561mz",643976.25,507647.65625,NA,NA,NA,NA,NA,NA,NA,NA,NA,NA,NA,NA,NA,NA,NA,NA,NA,NA,NA,NA,NA,NA,NA,NA,NA
"517/CN(C)CCCNC1=NC(=C(C(=N1)NCC2CCCO2)[N+](=O)[O-])N/2-N-[3-(dimethylamino)propyl]-5-nitro-4-N-(oxolan-2-ylmethyl)pyrimidine-2,4,6-triamine/340.2107mz",742207.5,NA,872816.25,NA,NA,NA,NA,NA,NA,NA,NA,NA,NA,NA,NA,NA,NA,NA,NA,NA,NA,NA,NA,NA,NA,NA,NA
"536/CC1C(C(C(C(O1)OC2C(C(C(OC2OC3=CC(=C4C(=C3)OC(=CC4=O)C5=CC(=C(C(=C5)OC)O)OC)O)C(=O)O)O)O)O)O)O/ACMC-20lrwk/653.1717mz",1997716.875,1940559.625,1693110.625,1271597.375,1744141,838379.9375,2452413.75,1615542.625,NA,NA,1321227.375,942235.6875,1702107.375,654071.1875,623232.5,505651.875,1047326.75,1024285.625,1311775,1209895.375,486956.6875,493152.34375,NA,NA,1447090,1283190.875,547033.125
"545/C(CCCCCCC(=O)O)CCCCCC(=O)NC(CCC(=O)N)C(=O)O/null/409.2313mz",1228721,944856.25,909285.1875,NA,686364.5625,372493.3125,1725790.25,1134666,NA,NA,NA,NA,402263.0625,373296.9375,NA,NA,NA,NA,979972.875,1157836.875,NA,NA,NA,NA,NA,NA,NA
"546/CC(C)C(C(=O)OC)NC(=O)CCCCCC(=O)NC(C(C)C)C(=O)OC/L-Val-OMe Pen(CO)2 deriv./387.2494mz",10541409,8712787,8325550.5,4436422,6917498,6080319,11543698,8920298,5197812,4850811.5,5100139,6299933.5,4875819.5,6496429.5,5628357.5,6048276.5,4613303.5,5625335,9459794,10404503,4875346.5,5077471.5,5007173.5,4161595.75,4380884,5167934.5,4571863
"562/CC(C)CC1C(=O)NC(C(=O)NC(C(=O)NC(C(=O)NC(C(=O)NC(C(=O)N1)CC(C)C)CC(C)C)CC(C)C)CC(C)C)CC(C)C/null/679.5122mz",56279392,NA,47697000,51570192,55193396,NA,NA,NA,NA,NA,NA,NA,47988828,41677260,NA,NA,NA,NA,NA,NA,NA,NA,NA,NA,NA,NA,NA
"567/CC(C(=O)N)NC(=O)C(CCCN=C(N)N)NC(=O)C(C)NC(=O)C1CC1/null/384.2357mz",1063940,NA,852818.9375,NA,NA,NA,NA,NA,NA,NA,NA,NA,NA,NA,NA,NA,NA,NA,NA,NA,NA,NA,NA,NA,NA,NA,NA
"571/CC(C(=O)N)NC(=O)C(CCCN=C(N)N)NC(=O)C(C)NC(=O)C1CC1/null/401.2621mz",1882086.125,NA,1525664.875,NA,NA,NA,NA,NA,NA,NA,NA,NA,NA,NA,NA,NA,NA,NA,NA,NA,NA,NA,NA,NA,NA,NA,NA
"596/CCNC(=NCCN(C)CCCOC)NCCC(=O)NC1CCS(=O)(=O)C1/null/406.2488mz",880129.625,NA,650556.5625,NA,NA,NA,NA,NA,NA,NA,NA,NA,NA,NA,NA,NA,NA,NA,NA,NA,NA,NA,NA,NA,NA,NA,NA
"605/CCNC(=NCCN(C)CCCOC)NCCC(=O)NC1CCS(=O)(=O)C1/null/423.2756mz",3613343,NA,2666012.25,NA,NA,NA,NA,NA,NA,NA,NA,NA,NA,NA,NA,NA,NA,NA,NA,NA,NA,NA,NA,NA,NA,NA,NA
"635/CC(=O)OCC(C1(CCC2C3(CCC(C(C3CCC2(O1)C)(C)C)OC(=O)C)C)C)OC(=O)C/[(2R)-2-[(3R,4aS,6aS,8R,10aR,10bS)-8-acetyloxy-3,4a,7,7,10a-pentamethyl-2,5,6,6a,8,9,10,10b-octahydro-1H-benzo[f]chromen-3-yl]-2-acetyloxyethyl] acetate/467.3019mz",7364722.5,NA,5485018.5,NA,NA,NA,NA,NA,NA,NA,NA,NA,NA,NA,NA,NA,NA,NA,NA,NA,NA,NA,NA,NA,NA,NA,NA
"641/CC(C)CC(C(=O)O)NC(=O)C(CC1=CC=CC=C1)NC(=O)C2CCCN2C(=O)C3CCCN3C(=O)C(C(C)C)N/2-[[2-[[1-[1-(2-amino-3-methylbutanoyl)pyrrolidine-2-carbonyl]pyrrolidine-2-carbonyl]amino]-3-phenylpropanoyl]amino]-4-methylpentanoic acid/572.3457mz",2458944.75,2128357,NA,NA,NA,NA,NA,NA,NA,NA,NA,NA,NA,NA,NA,NA,NA,NA,NA,NA,NA,NA,NA,NA,NA,NA,NA
"648/CCCCCCCCCCS(=O)(=O)OCCOS(=O)(=O)CCCCCCCCCC/null/472.2871mz",958765.6875,NA,639005.4375,NA,NA,NA,NA,NA,NA,NA,NA,NA,NA,NA,NA,NA,NA,NA,NA,NA,NA,NA,NA,NA,NA,NA,NA
"668/CC(C)(C)OC(=O)N1CCC(CC1)(CC2=CC=CC=C2)N3CCN(CC3)C(=O)OCC4=CC=CC=C4/null/511.3283mz",7645607,NA,6690224,NA,NA,NA,NA,NA,NA,NA,NA,NA,NA,NA,NA,NA,NA,NA,NA,NA,NA,NA,NA,NA,NA,NA,NA
"686/CCCCCCCCCCCCOC1C(C(C(C(O1)COC(=O)C)OC(=O)C)OC(=O)C)NC(=O)C/(5-acetamido-3,4-diacetyloxy-6-dodecoxyoxan-2-yl)methyl acetate/533.3414mz",7694498,NA,6708387,NA,NA,NA,NA,NA,NA,NA,NA,NA,NA,NA,NA,NA,NA,NA,NA,NA,NA,NA,NA,NA,NA,NA,NA
"687/CCCCCCCCCCCCOC1C(C(C(C(O1)COC(=O)C)OC(=O)C)OC(=O)C)NC(=O)C/(5-acetamido-3,4-diacetyloxy-6-dodecoxyoxan-2-yl)methyl acetate/516.3148mz",908969.3125,NA,633703.5,NA,NA,NA,NA,NA,NA,NA,NA,NA,NA,NA,NA,NA,NA,NA,NA,NA,NA,NA,NA,NA,NA,NA,NA
"688/CCC(=O)OC(OC(=O)OC(OC(=O)CC)I)I/null/524.8281mz",2186790.5,NA,1788194.625,NA,NA,NA,NA,NA,NA,NA,NA,NA,NA,NA,NA,NA,NA,NA,NA,NA,NA,NA,NA,NA,NA,NA,NA
"702/C1COCCN1S(=O)(=O)C2=C(SC(=C2)C(=O)NC3=CC=C(C=C3)Br)Br/5-bromo-N-(4-bromophenyl)-4-morpholin-4-ylsulfonylthiophene-2-carboxamide/546.8416mz",1715039.25,NA,1415127.625,NA,NA,NA,169723.765625,505171.4375,NA,NA,NA,NA,NA,NA,NA,NA,NA,NA,NA,NA,NA,NA,NA,NA,NA,NA,NA
"705/CC(C)(C)OC(=O)NC(CCN1CCC2(CC1)CCN(C2=O)CC3=CC=C(C=C3)OC)C4=CC=C(C=C4)OC/tert-butyl N-[1-(4-methoxyphenyl)-3-[2-[(4-methoxyphenyl)methyl]-1-oxo-2,8-diazaspiro[4.5]decan-8-yl]propyl]carbamate/555.3546mz",6469929,NA,5279816.5,NA,NA,NA,NA,NA,NA,NA,NA,NA,NA,NA,NA,NA,NA,NA,NA,NA,NA,NA,NA,NA,NA,NA,NA
"706/CCC1=CC=C(C=C1)C(C(=O)NC2=CC=C(C=C2)OC)N(CC=C)C(=O)C(C(C)CC)NC(=O)OC(C)(C)C/tert-butyl N-[1-[[1-(4-ethylphenyl)-2-(4-methoxyanilino)-2-oxoethyl]-prop-2-enylamino]-3-methyl-1-oxopentan-2-yl]carbamate/538.3282mz",638430,NA,580484.625,NA,NA,NA,NA,NA,NA,NA,NA,NA,NA,NA,NA,NA,NA,NA,NA,NA,NA,NA,NA,NA,NA,NA,NA
"707/CCN(CC)C1=NC(=C(C=C1)NC(=O)OC)S(=O)(=O)C(Br)(Br)Br/null/557.8326mz",1368251.375,NA,1084555.375,NA,NA,NA,NA,NA,NA,NA,NA,NA,NA,NA,NA,NA,NA,NA,NA,NA,NA,NA,NA,NA,NA,NA,NA
"710/C1=CC=C(C=C1)NC2=CC=C(C=C2)CC(=O)O/null/228.1023mz",NA,410450.0625,545637.75,215312.5,360234.5,171493.234375,567073.4375,618587.625,NA,NA,NA,NA,NA,NA,NA,NA,NA,NA,333930.28125,349930.90625,NA,NA,NA,NA,NA,NA,NA
"725/CCN(CC)CCNC(=O)CN(CCN(CCN(CC(=O)N(CCN)CCN)CC(=O)O)CC(=O)O)CC(=O)O/null/577.3679mz",5520369,NA,4462470,NA,NA,NA,828916.5,2605534,NA,NA,NA,NA,NA,NA,NA,NA,NA,NA,NA,NA,NA,NA,NA,NA,NA,NA,NA
"732/COC1=C(C=C(C=C1)CC(C(=O)NCCC2=CC(=C(C(=C2)Br)OC)Br)O)Br/null/601.8593mz",514925.875,NA,646009.4375,NA,NA,NA,NA,NA,NA,NA,NA,NA,NA,NA,NA,NA,NA,NA,NA,NA,NA,NA,NA,NA,NA,NA,NA
"733/CCOC1=CC=C(C=C1)N(CC=C)C(=O)C2C3C(=O)N(C(C34CCC2(O4)C)C(=O)N(CC=C)C(C)(C)C)CCCCO/null/599.3811mz",3633465.75,NA,4051257,NA,NA,NA,NA,NA,NA,NA,NA,NA,NA,NA,NA,NA,NA,NA,NA,NA,NA,NA,NA,NA,NA,NA,NA
"734/COP(=O)(OC)OC1=C(C(=C(C(=C1Cl)OP(=O)(OC)OC)Cl)OP(=O)(OC)OC)Cl/dimethyl [2,4,6-trichloro-3,5-bis(dimethoxyphosphoryloxy)phenyl] phosphate/590.8681mz",719294,NA,893374.25,NA,NA,NA,NA,NA,NA,NA,NA,NA,NA,NA,NA,NA,NA,NA,NA,NA,NA,NA,NA,NA,NA,NA,NA
"737/CCOC1=CC=C(C=C1)N(CC=C)C(=O)C2C3C(=O)N(C(C34CCC2(O4)C)C(=O)N(CC=C)C(C)(C)C)CCCCO/null/582.3548mz",261618.65625,NA,372886.21875,NA,NA,NA,NA,NA,NA,NA,NA,NA,NA,NA,NA,NA,NA,NA,NA,NA,NA,NA,NA,NA,NA,NA,NA
"744/CC1=C(C(CC(C1=O)O)(C)C)C=CC(=CC=CC(=CC=CC=C(C)C=CC=C(C)C=CC#CC2=C(C(=O)C(CC2(C)C)O)C)C)C/(6S)-6-hydroxy-3-[(1E,3E,5E,7E,9E,11E,13E,15E,17E)-20-[(4S)-4-hydroxy-2,6,6-trimethyl-3-oxocyclohexen-1-yl]-3,7,12,16-tetramethylicosa-1,3,5,7,9,11,13,15,17-nonaen-19-ynyl]-2,4,4-trimethylcyclohex-2-en-1-one/621.3940mz",1985640.5,NA,2593316,NA,NA,NA,NA,NA,NA,NA,NA,NA,NA,NA,NA,NA,NA,NA,NA,NA,NA,NA,NA,NA,NA,NA,NA
"765/CCC(C)C(C(=O)N1CCCC1C(=O)NC(CCC(=O)N)C(=O)NC(CC(=O)N)C(=O)NC(CC(C)C)C(=O)O)NC(=O)CNC(=O)C(CC(C)C)N/(2S)-2-[[(2S)-4-amino-2-[[(2S)-5-amino-2-[[(2S)-1-[(2S,3S)-2-[[2-[[(2S)-2-amino-4-methylpentanoyl]amino]acetyl]amino]-3-methylpentanoyl]pyrrolidine-2-carbonyl]amino]-5-oxopentanoyl]amino]-4-oxobutanoyl]amino]-4-methylpentanoic acid/776.4272mz",424734.28125,1060285.5,NA,NA,NA,NA,NA,NA,NA,NA,NA,NA,NA,NA,NA,NA,NA,NA,NA,NA,NA,NA,NA,NA,NA,NA,NA
"795/CC(CCCCCOC1C(C(C(CO1)O)O)O)C2CCC3C2(C(CC4C3C(CC5C4(CCC(C5)OC6C(C(C(CO6)O)O)O)C)O)O)C/null/687.4337mz",327701.4375,NA,782799.9375,NA,NA,NA,211459.5625,812749.1875,NA,NA,NA,NA,NA,NA,NA,NA,NA,NA,NA,NA,NA,NA,NA,NA,NA,NA,NA
"803/CC(C)(C)N1CC(=O)N(CC(=O)N(CC(=O)N(CC(=O)N(CC(=O)N(CC(=O)N(CC1=O)C(C)(C)C)C(C)(C)C)C(C)(C)C)C(C)(C)C)C(C)(C)C)C(C)(C)C/null/792.5983mz",3601780.25,NA,2823535.5,NA,NA,NA,7653614.5,3100252.5,NA,NA,NA,NA,NA,NA,NA,NA,NA,NA,NA,NA,NA,NA,NA,NA,NA,NA,NA
"872/CC(CCC(=O)OC)C1CCC2C1(C(CC3C2C(CC4C3(CCC(C4)OC(=O)C)C)OC(=O)NCCO)O)C/methyl (4R)-4-[(3R,5S,7R,8R,9S,10S,12S,13R,14S,17R)-3-acetyloxy-12-hydroxy-7-(2-hydroxyethylcarbamoyloxy)-10,13-dimethyl-2,3,4,5,6,7,8,9,11,12,14,15,16,17-tetradecahydro-1H-cyclopenta[a]phenanthren-17-yl]pentanoate/552.3531mz",245123.40625,NA,942492.3125,NA,NA,NA,NA,NA,NA,NA,NA,NA,NA,NA,NA,NA,NA,NA,NA,NA,NA,NA,NA,NA,NA,NA,NA
"887/CCCC(C)CCN(C)CCC(CNF)NO/null/272.2119mz",1620307.25,NA,839987.625,NA,NA,NA,NA,NA,NA,NA,NA,NA,NA,NA,NA,NA,NA,NA,NA,NA,NA,NA,NA,NA,NA,NA,NA
"899/CC1(C2C1C(N(C2)C(=O)C(C3CCCCC3)NC(=O)NC(C)(C)C)C(=O)NC(CC4CCCCC4)C(=O)C(=O)N)C/(2S)-N-(4-amino-1-cyclohexyl-3,4-dioxobutan-2-yl)-3-[(2S)-2-(tert-butylcarbamoylamino)-2-cyclohexylacetyl]-6,6-dimethyl-3-azabicyclo[3.1.0]hexane-2-carboxamide/596.3798mz",161614.53125,NA,523486.96875,NA,NA,NA,NA,NA,NA,NA,NA,NA,NA,NA,NA,NA,NA,NA,NA,NA,NA,NA,NA,NA,NA,NA,NA
"941/NA/NA/Spectral Match to Heptapropylene glycol from NIST14",6403681.5,NA,3082998.75,NA,NA,NA,NA,NA,NA,NA,NA,NA,NA,NA,NA,NA,NA,NA,NA,NA,NA,NA,NA,NA,NA,NA,NA
"964/NA/NA/""Spectral Match to 13S-Hydroxy-9Z,11E,15Z-octadecatrienoic acid from NIST14""",240895.09375,247545.71875,525177.4375,NA,NA,NA,484461.5,646141.75,NA,NA,NA,NA,NA,NA,NA,NA,88602.984375,87958.6015625,NA,NA,NA,NA,NA,NA,76203.859375,64417.55859375,NA
"965/NA/NA/""Spectral Match to 13-Keto-9Z,11E-octadecadienoic acid from NIST14""",228797.3125,247816.34375,499202.46875,NA,NA,NA,441669.8125,556679.3125,NA,NA,NA,NA,NA,NA,NA,NA,NA,NA,NA,NA,NA,NA,NA,NA,NA,NA,NA
"973/CC1=C(C=CC(=C1)CCNCCCCCCOCCC2=CC=C(C=C2)OC)O/null/386.2698mz",554613.125,NA,366101.875,NA,NA,NA,NA,NA,NA,NA,NA,NA,NA,NA,NA,NA,NA,NA,NA,NA,NA,NA,NA,NA,NA,NA,NA
"1008/NA/NA/Spectral Match to 12(13)-Epoxy-9Z-octadecenoic acid from NIST14",193556.859375,201275.84375,3653508.25,581189.9375,675961.3125,158301.25,1752987.125,5137942.5,NA,NA,275447.40625,198751.28125,NA,NA,NA,NA,463888.125,453925.0625,245085.859375,183960.046875,110858.078125,151576.234375,549295.8125,139759.90625,549401.75,442105.625,248160.265625
"1023/NA/NA/Spectral Match to Octapropylene glycol from NIST14",7685894.5,NA,4015806.5,NA,NA,NA,NA,NA,NA,NA,NA,NA,NA,NA,NA,NA,NA,NA,NA,NA,NA,NA,NA,NA,NA,NA,NA
"1025/CC(CO)OCC(C)OCC(C)OCC(C)OCC(C)OCC(C)OCC(C)OCC(C)O/2-[2-[2-[2-[2-[2-[2-(2-hydroxypropoxy)propoxy]propoxy]propoxy]propoxy]propoxy]propoxy]propan-1-ol/500.3801mz",32407606,NA,17685254,NA,NA,NA,NA,NA,NA,NA,NA,NA,NA,NA,NA,NA,NA,NA,NA,NA,NA,NA,NA,NA,NA,NA,NA
"1048/NA/NA/Spectral Match to Triphenylphosphine oxide from NIST14",2454868.5,NA,2191693.75,NA,NA,NA,NA,NA,NA,NA,NA,NA,NA,NA,NA,NA,NA,NA,NA,NA,NA,NA,NA,NA,NA,NA,NA
"1089/NA/NA/Spectral Match to Nonapropylene glycol from NIST14",3361377,NA,3122086,NA,NA,NA,NA,NA,NA,NA,NA,NA,NA,NA,NA,NA,NA,NA,NA,NA,NA,NA,NA,NA,NA,NA,NA
"1090/CC(CO)OCC(C)OCC(C)OCC(C)OCC(C)OCC(C)OCC(C)OCC(C)OCC(C)O/2-[2-[2-[2-[2-[2-[2-[2-(2-hydroxypropoxy)propoxy]propoxy]propoxy]propoxy]propoxy]propoxy]propoxy]propan-1-ol/558.4218mz",20853860,NA,20082918,NA,NA,NA,NA,NA,NA,NA,NA,NA,NA,NA,NA,NA,NA,NA,NA,NA,NA,NA,NA,NA,NA,NA,NA
"1093/CCCCCCCCCCCCN(CCO)CCO/Lauryldiethanolamine/274.2743mz",19265260,19939176,22317366,27493566,24910282,18651042,26866678,23028066,24412746,25326198,23864228,25049718,27952922,26939274,17778976,26384834,19674258,21485688,22707886,20171806,24761890,21926792,17422170,22939592,25768396,21196160,22606378
"1095/CCCCCCCCOCCCCCCN/null/230.2482mz",2278013,2973100.5,2108780,3511903.75,2716283,2913300.75,2489358.5,2214056,2502041.25,2409433.75,1829473.875,2178626.25,2168833.75,2128264,1789441.75,1950566.125,1915983.5,1539311.875,2352010.75,1754435.75,1855480.875,2072901.5,1980089,1897932.875,1708962.25,2326159,1610196
"1098/CCCCCCCCCCCCN(CCO)CCOCCO/Ethanol, 2-[dodecyl[2-(2-hydroxyethoxy)ethyl]amino]-/318.3009mz",733692.6875,1220950.875,222416.09375,NA,312798,1001666.5,NA,NA,392813.3125,271983.15625,281840.96875,234948.625,204937.109375,261242.21875,220818.65625,219220.609375,239747.53125,250937.578125,187845.78125,179794.078125,260409.96875,260665.34375,213936.4375,281560.34375,192225.4375,1489510.5,NA
"1106/CCCCCCCCCCCCNC(CO)(CO)CO/1,3-Propanediol, 2-(dodecylamino)-2-(hydroxymethyl)-/290.2695mz",1061197.25,875676,497585.21875,759329,701318.6875,1018063.25,396930.0625,226761.046875,1293676.625,880361.25,1358592.875,1251234.25,704622.6875,779783.6875,862338.5,473346.40625,595789.125,547610.3125,336097.25,649804.625,NA,NA,1302172.125,845415.8125,65604.328125,1197548.5,1017325.125
"1111/CCCCCCCCOCCCCCCCN/null/244.2639mz",NA,117645.203125,89113.5546875,NA,NA,NA,NA,NA,NA,NA,NA,NA,125447.0859375,79360.046875,NA,NA,83576.015625,74260.3125,NA,NA,NA,NA,NA,NA,NA,NA,NA
"1113/CCCCCCCCCCCCN(CC)CC(=O)O/null/272.2590mz",107512.5078125,135062.1875,NA,171268.65625,190111.609375,120271.125,128091.09375,104838.921875,NA,NA,NA,NA,NA,NA,NA,NA,NA,NA,121816.0703125,127130.40625,165228.046875,165712.34375,131997.671875,171879.453125,125711.5078125,107971.359375,104980.109375
"1122/CC(CO)OCC(C)OCC(C)OCC(C)OCC(C)OCC(C)OCC(C)OCC(C)OCC(C)OCC(C)O/null/616.4639mz",14328389,NA,11183268,NA,NA,NA,NA,NA,NA,NA,NA,NA,NA,NA,NA,NA,NA,NA,NA,NA,NA,NA,NA,NA,NA,NA,NA
"1123/CC(CO)OCC(C)OCC(C)OCC(C)OCC(C)OCC(C)OCC(C)OCC(C)OCC(C)OCC(C)O/null/599.4381mz",3578436.75,NA,2054433.5,NA,NA,NA,NA,NA,NA,NA,NA,NA,NA,NA,NA,NA,NA,NA,NA,NA,NA,NA,NA,NA,NA,NA,NA
"1145/CC(CO)OCC(C)OCC(C)OCC(C)OCC(C)OCC(C)OCC(C)OCC(C)OCC(C)OCC(C)OCC(C)O/null/657.4795mz",1777089.25,NA,983921.75,NA,NA,NA,NA,NA,NA,NA,NA,NA,NA,NA,NA,NA,NA,NA,NA,NA,NA,NA,NA,NA,NA,NA,NA
"1146/CC(C)(C)OC(=O)NCCCN(CCCCN(CCCN(CCCCN)C(=O)OC(C)(C)C)C(=O)OC(C)(C)C)C(=O)OC(C)(C)C/null/674.5059mz",7413567,NA,7800493.5,NA,NA,NA,NA,NA,NA,NA,NA,NA,NA,NA,NA,NA,NA,NA,NA,NA,NA,NA,NA,NA,NA,NA,NA
"1148/CNC(=O)CCN(CCC(=O)NC)CCN(CCC(=O)NC)CCN(CCC(=O)NC)CCN(CCC(=O)NC)CCC(=O)NC/null/679.4599mz",2496597.5,NA,725996.4375,NA,NA,NA,NA,NA,NA,NA,NA,NA,NA,NA,NA,NA,NA,NA,NA,NA,NA,NA,NA,NA,NA,NA,NA
"1153/CCOC(=O)N1CCC(CC1)NC(=NCCCN2CCCCCC2)N/null/354.2859mz",NA,122364.1640625,43107.92578125,NA,NA,NA,NA,NA,NA,NA,NA,NA,NA,NA,NA,NA,NA,NA,133910.96875,158182.796875,45987.7421875,64702.60546875,NA,NA,NA,NA,NA
"1154/CCCCCCCCCCCCCCN(CCO)CCO/N-Tetradecyl diethanolamine/302.3059mz",126097.2421875,167977.578125,94861.4375,139138.453125,152430.953125,126408.8046875,NA,NA,166966.078125,191191.25,116219.734375,126399.2109375,115826.625,179547.09375,NA,NA,NA,NA,NA,NA,NA,NA,NA,NA,NA,177343.921875,126224.640625
"1160/CC(CO)OCC(C)OCC(C)OCC(C)OCC(C)OCC(C)OCC(C)OCC(C)OCC(C)OCC(C)OCC(C)OCC(C)O/null/715.5215mz",955997,NA,533706.9375,NA,NA,NA,NA,NA,NA,NA,NA,NA,NA,NA,NA,NA,NA,NA,NA,NA,NA,NA,NA,NA,NA,NA,NA
"1162/CC(CO)OCC(C)OCC(C)OCC(C)OCC(C)OCC(C)OCC(C)OCC(C)OCC(C)OCC(C)OCC(C)OCC(C)O/null/732.5476mz",7466831.5,NA,3888060.75,NA,NA,NA,NA,NA,NA,NA,NA,NA,NA,NA,NA,NA,NA,NA,NA,NA,NA,NA,NA,NA,NA,NA,NA
"1180/CC(CO)OCC(C)OCC(C)OCC(C)OCC(C)OCC(C)OCC(C)OCC(C)OCC(C)OCC(C)OCC(C)OCC(C)OCC(C)O/null/790.5911mz",3653371.5,359117.375,1969382.875,NA,NA,NA,NA,NA,NA,NA,NA,NA,NA,NA,NA,NA,NA,NA,NA,NA,NA,NA,NA,NA,NA,NA,NA
"1215/CCCCCCCCCCOCCOCCOCCOCCOCCO/Nikkol BD 5SY/396.3326mz",NA,212579.953125,209790.40625,NA,NA,NA,NA,NA,NA,NA,NA,NA,NA,NA,NA,NA,NA,NA,NA,NA,NA,NA,NA,NA,NA,NA,NA
"1216/CCCCCCCCCCOCCOCCOCCOCCOCCO/Nikkol BD 5SY/379.3061mz",NA,178839.65625,197687.5625,NA,NA,NA,205468,333223.65625,NA,NA,NA,NA,NA,NA,NA,NA,NA,NA,NA,NA,NA,NA,NA,NA,NA,NA,NA
"1218/CCCCCCCCCCC(CCCCCCCC)CNC(=O)NNC1=NC(=NO1)CCOO/1-[[3-(2-hydroperoxyethyl)-1,2,4-oxadiazol-5-yl]amino]-3-(2-octyldodecyl)urea/484.3853mz",213543.84375,178929.421875,560101.8125,NA,NA,NA,359458.6875,1078419.5,NA,NA,NA,NA,NA,NA,NA,NA,NA,NA,NA,NA,NA,NA,NA,NA,NA,NA,NA
"1219/B1(OC(C(O1)(C)C)(C)C)C(=C(CCCCCCCCCOC(=O)C)F)CCCCCC/null/440.3592mz",284558.28125,269417.40625,432011.375,NA,NA,NA,329522.90625,791425.5,NA,NA,NA,NA,NA,NA,NA,NA,NA,NA,NA,NA,NA,NA,NA,NA,NA,NA,NA
"1229/CCCCCCCCCCCCCCC(CCCCCCCCCCCCCC)C(=O)NC(COC1CC(C(C1O)O)C(C)O)C(=O)NC(CCC(=O)O)C(=O)NC/null/848.6329mz",1083074.5,NA,627290.875,NA,NA,NA,NA,NA,NA,NA,NA,NA,NA,NA,NA,NA,NA,NA,NA,NA,NA,NA,NA,NA,NA,NA,NA
"1256/C1=C(SC(=C1)Cl)CCNS(=O)(=O)C2=C(SC(=C2)CO)Br/null/453.8425mz",537625.25,NA,413269.03125,NA,NA,NA,NA,NA,NA,NA,NA,NA,NA,NA,NA,NA,NA,NA,NA,NA,NA,NA,NA,NA,NA,NA,NA
"1259/NA/NA/Spectral Match to Benzyltetradecyldimethylammonium from NIST14",NA,2901589,3052536.75,NA,3322719.5,3259469.25,NA,NA,NA,NA,NA,NA,NA,NA,NA,NA,NA,NA,NA,NA,NA,NA,NA,NA,NA,NA,NA
"1319/CCCCCCCCCCNCCCCCCCCCC/Didecylamine/298.3474mz",329263.9375,374581.375,NA,343245.09375,367811.28125,416232.53125,NA,NA,354047.84375,373152.84375,NA,NA,418920.21875,453570.125,NA,NA,422785.375,386925.65625,NA,NA,NA,NA,NA,NA,NA,NA,NA
"1375/CC(CCC(=O)NC(CO)(CO)CO)C1CCC2C1(C(CC3C2C(CC4C3(CCC(C4)O)C)O)O)C/N-[1,3-dihydroxy-2-(hydroxymethyl)propan-2-yl]-4-(3,7,12-trihydroxy-10,13-dimethyl-2,3,4,5,6,7,8,9,11,12,14,15,16,17-tetradecahydro-1H-cyclopenta[a]phenanthren-17-yl)pentanamide/529.3831mz",73684.34375,NA,23582222,NA,NA,NA,14459950,28546410,NA,NA,NA,NA,NA,NA,NA,NA,NA,NA,NA,NA,NA,NA,NA,NA,NA,NA,NA
"1382/CN(CCCS)C1C(C1N(C)CCOC(=O)CCCCN)N(C)CCOC(=O)CCCCN/null/507.3699mz",135251.765625,NA,28933044,NA,NA,NA,16169178,30820788,NA,NA,NA,NA,NA,NA,NA,NA,NA,NA,NA,NA,NA,NA,NA,NA,242059.65625,99244.0546875,NA
"1391/CN(C)CC(COCCOCC(CN(C)CC(COCCOCC(C[N+](=C)C)O)O)O)O/null/485.3569mz",200789.5625,NA,30843096,NA,NA,NA,17954646,30534992,NA,NA,NA,NA,NA,NA,NA,NA,NA,NA,NA,NA,NA,NA,NA,NA,401012,185519.203125,NA
"1402/B(C(CC(C)C)N(C)C(=O)C(CC1=CC=CCCC1)NC(=O)C[N+](=C)CC=NCC)(O)O/null/463.3438mz",236930.375,NA,27185636,NA,NA,NA,16330158,25946462,NA,NA,NA,NA,NA,NA,NA,NA,NA,NA,NA,NA,NA,NA,NA,NA,506941.03125,280502.65625,86260.6953125
"1411/CCCCCCCCC(C(=O)O)N(CC(OCC)OCC)C1=CC=C(C=C1)OCC/null/441.3307mz",234566.875,NA,18679726,NA,NA,NA,11903131,17756736,NA,NA,NA,NA,NA,NA,NA,NA,NA,NA,NA,NA,NA,NA,NA,NA,500214.875,311249.34375,68474.578125
"1427/CCCCC(C(CO)O)OCCOCCOCCOC(CCCC)C(CO)OC(CO)C(CCCC)OCCOCCOCCOC(CCCC)C(CO)O/null/820.6013mz",135366.453125,NA,37730464,NA,NA,NA,17098760,47174204,NA,NA,NA,NA,NA,NA,NA,NA,NA,NA,NA,NA,NA,NA,NA,NA,348054.78125,253523.875,NA
"1435/CCOCC(COC(C)COC(C)COC(C)COC(C)COC(C)COC(C)COC(C)COC(C)COC(C)COC(C)COC(C)CO)O/null/776.5750mz",322637.84375,NA,54262908,NA,NA,NA,25009180,62903036,80291.453125,464547.9375,NA,NA,NA,NA,NA,NA,NA,NA,NA,NA,NA,NA,NA,NA,709444.1875,512303.9375,NA
"1440/CCCCC(C(CO)O)OCCOCCOC(CCCC)C(CO)OC(CO)C(CCCC)OCCOCCOC(CCCC)C(CO)O/null/732.5481mz",406878.125,NA,63736592,NA,NA,NA,30609360,78256392,NA,NA,NA,NA,87968.421875,92626.359375,NA,NA,NA,NA,NA,NA,NA,NA,NA,NA,786484.25,606924.875,145037.546875
"1445/CC(CCCCCC(O)O)(C(CCCCCC(O)O)(CCCCCC(O)O)O)C(CCCCCC(O)O)(CCCCCC(O)O)O/null/688.5221mz",425554.71875,NA,64086104,NA,NA,NA,29961052,78939152,NA,NA,NA,NA,117430.75,105928.6796875,NA,NA,NA,NA,NA,NA,NA,NA,NA,NA,819429.25,637447.5,154223.140625
"1450/CCOC(C)COC(C)COC(C)COC(C)COC(C)COC(C)COC(C)COC(C)COC(C)COC(C)CO/null/644.4955mz",394043.75,NA,67024200,NA,NA,NA,30180522,72926808,143127.625,883062.125,NA,NA,165716.4375,139523.796875,NA,NA,NA,NA,NA,NA,NA,NA,NA,NA,683786.0625,628734.375,143188.390625
"1455/CCOCC(C(C(COCCCCOCC(C(C(COCC)OCC)OCC)OCC)OCC)OCC)OCC/null/600.4698mz",370788.625,88244.5546875,66621760,NA,NA,NA,27731750,76974472,157552.3125,946479.3125,NA,NA,153171.96875,159502.78125,NA,NA,NA,NA,NA,NA,NA,NA,522235.90625,77296.625,486682.90625,552923.3125,156743.40625
"1458/CCCCCCCCCCOCC(C)OCC(C)OCCOCCOCCOCCOCCOCCO/null/556.4430mz",334290.59375,NA,56004124,NA,NA,NA,26322486,71988000,173295.359375,893172.0625,NA,NA,158445.203125,185946,NA,NA,NA,NA,NA,NA,NA,NA,NA,NA,341204.625,431946.5,127862.9765625
"1462/CCCCCCCCCCCCOCCOCCOCCOCCOCCOCCOCCO/Laureth-7/512.4168mz",269908.34375,NA,51557800,NA,NA,NA,22060890,67894480,164640.515625,760005.125,NA,NA,161745.96875,176280.03125,NA,NA,NA,NA,NA,NA,NA,NA,NA,NA,217782.125,319243.28125,NA
"1469/NA/NA/histamine-C23:1",183658.328125,NA,35164528,NA,NA,NA,15045630,43798780,NA,NA,NA,NA,NA,NA,NA,NA,NA,NA,NA,NA,NA,NA,NA,NA,149885.71875,191968.546875,NA
"1493/CCCCCCCCCCCCCCCC[N+](C)(C)CC1=CC=CC=C1/Cetalkonium/360.3635mz",NA,373356.875,377984.5,NA,NA,NA,NA,NA,NA,NA,NA,NA,NA,NA,NA,NA,NA,NA,NA,NA,NA,NA,NA,NA,NA,NA,NA
"1528/CC(C)(C)N1CC(=O)N(CC(=O)N(CC(=O)N(CC(=O)N(CC(=O)N(CC(=O)N(CC1=O)C(C)(C)C)C(C)(C)C)C(C)(C)C)C(C)(C)C)C(C)(C)C)C(C)(C)C/null/792.5984mz",216180.296875,238828.0625,NA,NA,NA,NA,NA,NA,NA,NA,NA,NA,NA,NA,NA,NA,NA,NA,NA,NA,NA,NA,NA,NA,NA,NA,NA
"1835/CCCCCCCCCCCCNCCO/2-Dodecylamino-ethanol/230.2483mz",2388497.75,2654269.75,2291505.75,NA,NA,NA,NA,NA,NA,NA,NA,NA,NA,NA,NA,NA,NA,NA,NA,NA,NA,NA,NA,NA,NA,NA,NA
"1853/NA/NA/Spectral Match to Benzyltetradecyldimethylammonium from NIST14",NA,341691,113385.9140625,NA,NA,NA,NA,NA,706453.4375,543944.3125,NA,NA,NA,NA,NA,NA,NA,NA,NA,NA,NA,NA,NA,NA,NA,NA,NA
"1886/CC1=CCC(C(=C1C)CC(C(=CC=CC(=CC=CC=C(C)C=CC=C(C)C(CC2=C(C(=CCC2(C)C)C)C)OC)C)C)OC)(C)C/1-[(3E,5E,7E,9E,11E,13E,15E)-2,17-dimethoxy-3,7,12,16-tetramethyl-18-(2,3,6,6-tetramethylcyclohexa-1,3-dien-1-yl)octadeca-3,5,7,9,11,13,15-heptaenyl]-2,3,6,6-tetramethylcyclohexa-1,3-diene/663.4550mz",332506.46875,NA,918117.6875,NA,NA,NA,NA,NA,NA,NA,NA,NA,NA,NA,NA,NA,NA,NA,NA,NA,NA,NA,NA,NA,NA,NA,NA
"1924/CC1=CCC(C(=C1C)CC(C(=CC=CC(=CC=CC=C(C)C=CC=C(C)C(CC2=C(C(=CCC2(C)C)C)C)OC)C)C)OC)(C)C/1-[(3E,5E,7E,9E,11E,13E,15E)-2,17-dimethoxy-3,7,12,16-tetramethyl-18-(2,3,6,6-tetramethylcyclohexa-1,3-dien-1-yl)octadeca-3,5,7,9,11,13,15-heptaenyl]-2,3,6,6-tetramethylcyclohexa-1,3-diene/663.4550mz",249278.5625,NA,281580,NA,NA,NA,NA,NA,NA,NA,NA,NA,NA,NA,NA,NA,NA,NA,NA,NA,NA,NA,NA,NA,NA,NA,NA
"1933/NA/NA/TG(16:0",NA,167920.5,90947.1171875,NA,NA,NA,NA,NA,NA,NA,NA,NA,NA,NA,NA,NA,NA,NA,NA,NA,NA,NA,NA,NA,NA,NA,NA
"1954/NA/NA/TG(16:0",NA,138766.03125,282598.75,NA,NA,NA,NA,NA,NA,NA,NA,NA,NA,NA,NA,NA,NA,NA,NA,NA,NA,NA,NA,NA,NA,NA,NA
"1976/CC1=CCC(C(=C1C)CC(C(=CC=CC(=CC=CC=C(C)C=CC=C(C)C(CC2=C(C(=CCC2(C)C)C)C)OC)C)C)OC)(C)C/1-[(3E,5E,7E,9E,11E,13E,15E)-2,17-dimethoxy-3,7,12,16-tetramethyl-18-(2,3,6,6-tetramethylcyclohexa-1,3-dien-1-yl)octadeca-3,5,7,9,11,13,15-heptaenyl]-2,3,6,6-tetramethylcyclohexa-1,3-diene/663.4550mz",NA,116170.0546875,407783.84375,NA,NA,NA,NA,NA,NA,NA,NA,NA,NA,NA,NA,NA,NA,NA,NA,NA,NA,NA,NA,NA,NA,NA,NA
"1978/NA/NA/TG(16:0",NA,82419.1328125,263765.96875,NA,NA,NA,NA,NA,NA,NA,NA,NA,NA,NA,NA,NA,NA,NA,NA,NA,NA,NA,NA,NA,NA,NA,NA
"1986/CC1=C(C2=CC3=C4C(=CC5=C(C(=C6C5C47C2C1=CC8=C7C(=C6)C(C8(C)C)(C)C)C)C)C(C3(C)C)(C)C)C/null/487.3346mz",43083.1796875,49830.8515625,57733.44921875,51457.9140625,55541.8359375,55131.54296875,54886.421875,55569.69140625,61713.08203125,61572.921875,NA,NA,53128.7578125,55000.21875,NA,NA,NA,NA,48418.6640625,57505.79296875,NA,NA,58995.7734375,44238.890625,55291.55859375,NA,59171.91796875
"1998/CC1=CCC(C(=C1C)CC(C(=CC=CC(=CC=CC=C(C)C=CC=C(C)C(CC2=C(C(=CCC2(C)C)C)C)OC)C)C)OC)(C)C/1-[(3E,5E,7E,9E,11E,13E,15E)-2,17-dimethoxy-3,7,12,16-tetramethyl-18-(2,3,6,6-tetramethylcyclohexa-1,3-dien-1-yl)octadeca-3,5,7,9,11,13,15-heptaenyl]-2,3,6,6-tetramethylcyclohexa-1,3-diene/663.4550mz",153941.921875,NA,254696.671875,NA,NA,NA,NA,NA,NA,NA,NA,NA,NA,NA,NA,NA,553238.0625,141899.28125,NA,NA,NA,NA,NA,NA,NA,NA,NA
"2031/NA/NA/TG(16:0",NA,104663.046875,175257.203125,NA,NA,NA,NA,NA,NA,NA,NA,NA,NA,NA,NA,NA,NA,NA,NA,NA,NA,NA,NA,NA,NA,NA,NA
"2074/NA/NA/TG(16:0",NA,115911.4140625,154768.828125,NA,NA,NA,NA,NA,NA,NA,NA,NA,NA,NA,NA,NA,NA,NA,NA,NA,NA,NA,NA,NA,NA,NA,NA
"2123/NA/NA/TG(16:0",NA,144490.3125,116289.7578125,NA,NA,NA,NA,NA,NA,NA,NA,NA,NA,NA,NA,NA,NA,NA,NA,NA,NA,NA,NA,NA,NA,NA,NA
"2199/NA/NA/TG(16:0",NA,9960.80859375,46684.296875,NA,NA,NA,NA,NA,NA,NA,NA,NA,NA,NA,NA,NA,NA,NA,NA,NA,NA,NA,NA,NA,NA,NA,NA
"2209/CCCN(CC1=C(C=CS1)OC)CC2=C(C=CS2)OCCOCCOC3=C(SC=C3)CN(CCC)CC4=C(C=CS4)OC/null/687.2032mz",NA,72808.046875,49942.08203125,55323.42578125,57761.421875,55726.23828125,NA,NA,NA,NA,42847.9765625,42705.68359375,NA,NA,NA,NA,NA,NA,NA,NA,NA,NA,NA,NA,54127.84765625,62546.30078125,55744.51171875
"2212/NA/NA/Contaminant vial septum ThermoFisher C5000-44B [IIN-based on: CCMSLIB00005435816]",298501.875,424673.21875,345977.90625,378399.3125,399377.625,391735.15625,NA,NA,NA,NA,NA,NA,NA,NA,NA,NA,NA,NA,NA,NA,NA,NA,NA,NA,353508.3125,348609.6875,351896.28125
"2213/CC1=CC=C(C=C1)S(=O)(=O)NC(=O)CCC2C(=O)NC3CSSCC=CC(CC(=O)N2)OC(=O)CC(CC(NC3=O)C(C)C)O/null/685.2053mz",182447.296875,260726.234375,214992.703125,230257.90625,259328.5,246079.453125,NA,NA,NA,NA,NA,NA,NA,NA,NA,NA,NA,NA,NA,NA,NA,NA,NA,NA,227068.484375,219365.046875,225920.375
"2909/CCCCCCCCCCCCN(CCO)CCO/Lauryldiethanolamine/274.2747mz",343210.8125,NA,350345.03125,NA,NA,NA,415996.375,383896.25,NA,NA,NA,NA,339602.1875,344557.65625,NA,NA,NA,NA,NA,NA,NA,NA,NA,NA,NA,NA,NA
"12/CS(=O)(=O)CCNCl/null/158.0034mz",NA,NA,NA,449157,403629.59375,265699.75,NA,NA,263216.8125,249428.75,248907.609375,283265.59375,NA,NA,NA,NA,465461.40625,492401.75,438369.875,413190.71875,NA,NA,NA,NA,223852.28125,NA,311497.96875
"16/CC[CH]CS(=O)(=O)O/null/120.0239mz",NA,NA,NA,340883.25,295014.46875,211928.078125,NA,NA,114491.84375,186853.65625,163678.703125,198179.65625,NA,NA,NA,NA,384572.09375,400390.9375,353692.21875,329664.59375,NA,NA,NA,NA,NA,NA,NA
"29/CC(N=C=O)(F)F/1,1-Difluoroethyl isocyanate/130.0084mz",NA,NA,NA,239236.703125,220232.828125,130511.3671875,NA,NA,NA,NA,NA,NA,NA,NA,NA,NA,265083.25,280224.75,253286.703125,236655.890625,NA,NA,NA,NA,NA,NA,NA
"67/NA/NA/4-AMINOBUTANOATE - 40.0 eV",NA,NA,NA,363077.84375,289562.4375,115987.421875,NA,NA,NA,NA,NA,NA,NA,NA,NA,NA,NA,NA,NA,NA,NA,NA,NA,NA,NA,NA,NA
"71/CN1CCN(C(C1)CNC(=O)CNS(=O)(=O)C2=CC=C(S2)Cl)C/null/381.0809mz",NA,NA,NA,200617,181717.890625,NA,NA,NA,NA,NA,NA,NA,NA,NA,NA,NA,NA,NA,NA,NA,NA,NA,NA,NA,NA,NA,NA
"82/C1C2=CC=CC=C2CC1(C(=O)O)N/2-amino-2-indancarboxylicacid/178.0870mz",NA,NA,NA,319832.71875,200904.1875,275322.71875,NA,NA,NA,NA,NA,NA,614944.5,380626.5625,NA,NA,NA,NA,1083638.875,1024601.9375,NA,NA,745241.9375,233602.9375,670697.4375,820166.125,297357.59375
"165/CCC(C)C(C(=O)NC(C(C)C)C(=O)NC(C(C)O)C(=O)NC(CCC(=O)N)C(=O)O)NC(=O)C(CC(C)C)N/null/573.3626mz",NA,NA,NA,439698.71875,NA,659303.3125,NA,NA,NA,NA,301407.28125,352149.875,NA,NA,474157.40625,499336.875,766213.75,840530.1875,NA,NA,NA,NA,NA,NA,571920.125,506053.6875,186002.859375
"171/CCC(=O)CCC(=O)CCC(=O)CCC(=O)CCC(=O)C=C/null/347.1250mz",NA,NA,NA,300130.15625,299579.84375,NA,NA,NA,217283.515625,865685.8125,688366.3125,691569.5,1216735.875,377161.9375,543864.875,432079.59375,491811.59375,485827.0625,NA,NA,261432.203125,381045.09375,NA,NA,524066.5625,468635.75,163333.078125
"173/CCC(C)C(C(=O)NC(C(C)CC)C(=O)NC(C(C)C)C(=O)NC(C(C)O)C(=O)NC(CCC(=O)N)C(=O)NC(C(C)O)C(=O)O)N/null/674.4102mz",NA,NA,NA,251223.828125,NA,440197.96875,NA,NA,NA,NA,NA,NA,NA,NA,220593.6875,200348.65625,366814.84375,413922.25,NA,NA,NA,NA,NA,NA,334898.125,437022.46875,126268.984375
"200/NA/NA/5470-37-1 CollisionEnergy:102040",NA,NA,NA,1707153.5,1245079.375,1653331.75,698940.1875,908190.5,406761.125,1132301.125,1136304.5,1153719.5,1886234.75,1100412.5,941755.6875,839986.625,836925.0625,896556.5,1123707.25,1159360.875,662284.5,730486.5,1113097.875,237037.96875,880254.3125,442305.5,276991.90625
"201/CC(C1=CC=C(CC1)F)NO/null/158.0968mz",NA,NA,NA,687076.4375,460679.125,669491,NA,NA,200297.703125,383438.15625,425955.8125,439083.3125,734590.25,435456.4375,NA,NA,NA,NA,403410.5,402745.65625,NA,NA,NA,NA,NA,NA,NA
"205/NA/NA/Succinic acid",NA,NA,NA,267107.4375,NA,255224.5625,NA,NA,NA,NA,371978,423137.1875,808519.75,291332.15625,506400.53125,575799.25,NA,NA,343921.9375,268003.1875,NA,NA,NA,NA,215414.078125,207740.59375,NA
"212/CCOC(=O)C1=CC(=C(C(=C1)OC)O)OC/Ethyl syringate/227.0922mz",NA,NA,NA,NA,389792.09375,33236.8125,442489.125,702831.8125,NA,NA,NA,NA,325820,203672.203125,216379.9375,176819.609375,230653.03125,256627.984375,264160.25,258049.5,159302.03125,206115.578125,NA,NA,NA,210740.203125,76944.9453125
"226/NA/NA/Spectral Match to L-Tyrosine from NIST14 [IIN-based on: CCMSLIB00003137613]",NA,NA,NA,1169688.75,1027298.625,977753.5,NA,NA,376589.5625,513110.5625,640175.8125,644662.4375,881100.1875,555879.75,594399.625,526654.3125,557467.625,599405.125,466812.46875,483994.875,509620.375,476271.96875,493192.125,138975.8125,486160.71875,388285.8125,184528.515625
"227/COC1=CC(=CC(=C1O)OC)COCC2C(C(C(C(O2)OC3=CC(=C(C=C3)O)OC)O)O)O/null/469.1715mz",NA,NA,NA,246340.5,428321.4375,NA,536352.75,766011.8125,NA,NA,232213.46875,243917.171875,301374.875,184023.28125,NA,NA,239045.984375,196282.03125,261202.09375,284908,NA,NA,NA,NA,225964.0625,156070.03125,NA
"231/C1=CC2=C(C=CC(=O)N2)C=C1O/ACMC-20aixo/162.0554mz",NA,NA,NA,244424.265625,320531.03125,NA,378631.90625,1093010.25,NA,NA,NA,NA,NA,NA,NA,NA,233325.1875,228467,NA,NA,NA,NA,NA,NA,262281.6875,232650.59375,112842.5859375
"249/NA/NA/""""""3,5-DIMETHOXYPHENOL""""""",NA,NA,NA,303542.375,387732.1875,195030.6875,NA,NA,NA,NA,291904.4375,253760.453125,274979.03125,236706.234375,263894.15625,225508.890625,234547.71875,213346.390625,NA,NA,NA,NA,336363.78125,102367.328125,285468.84375,311251.3125,NA
"261/CC1=NC(=CC=C1)C2=CC=CC=C2/6-Phenyl-2-picoline/170.0968mz",NA,NA,NA,782792.1875,939724.3125,NA,NA,NA,378722.125,647227.4375,NA,NA,668401.125,443910.3125,NA,NA,444811.28125,438787.125,NA,NA,NA,NA,NA,NA,NA,NA,NA
"264/CC(C)(C(=O)NCCC#C)F/null/158.0967mz",NA,NA,NA,542573.375,588093.1875,431490.8125,NA,NA,236774.21875,446776.21875,386314.40625,381490.84375,462229.65625,279258.4375,NA,NA,288976.21875,254935.796875,NA,NA,222873.984375,290512.59375,NA,NA,320160.8125,311873.40625,170530.890625
"265/NA/NA/""2-Methyl-1,2,3,4-tetrahydro-beta-carboline""",NA,NA,NA,332749.3125,453636.28125,129645.453125,NA,NA,NA,NA,237087.71875,220194.5625,NA,NA,NA,NA,NA,NA,NA,NA,NA,NA,NA,NA,NA,NA,NA
"277/COCC(COCC(COC)OCC(CO)O)O/3-[1-(2-hydroxy-3-methoxypropoxy)-3-methoxypropan-2-yl]oxypropane-1,2-diol/307.1158mz",NA,NA,NA,287292.09375,373997.5,179254.703125,NA,NA,318810.78125,363751.15625,254736.5625,246312.328125,NA,NA,277494.21875,279112.34375,431718.96875,373143.5625,NA,NA,NA,NA,NA,NA,260446.5,287831.15625,338224.4375
"278/CCC(C)C(C(=O)NC(CO)C(=O)NC(CC(C)C)C(=O)O)N/2-[[2-[(2-azaniumyl-3-methylpentanoyl)amino]-3-hydroxypropanoyl]amino]-4-methylpentanoate/332.2188mz",NA,NA,NA,111908.9296875,NA,215740.796875,NA,NA,NA,NA,NA,NA,NA,NA,NA,NA,264957.375,276813.0625,NA,NA,NA,NA,NA,NA,411462.03125,424184.53125,133005.515625
"302/CC1=C(C=CC2=C1OC(=O)C=C2CC(=O)O)O/Oprea1_026164/235.0605mz",NA,NA,NA,NA,238655.40625,191644.09375,NA,NA,NA,NA,NA,NA,NA,NA,NA,NA,NA,NA,215439.71875,168709.15625,NA,NA,NA,NA,194901.921875,281111.375,NA
"314/NA/NA/""""""3,4,5-Trimethoxyphenol CollisionEnergy:102040""""""",NA,NA,NA,1119121.5,1356700.625,842633.3125,992965.125,2650005.5,730111,1071292.25,902163.75,803815.6875,1042699.6875,853661.375,978496.75,771289.4375,1036341.125,1034278.75,779453,752980.5625,749597.4375,767639.5,1078728.875,424466.75,1086657.625,969808.0625,584074.625
"329/COC1=C(C=C(C=C1)C2C3COC(C3CO2)C4=CC5=C(C(=C4)OC)OCO5)OC/null/401.1600mz",NA,NA,NA,454018.3125,627804.625,293551.09375,1397712.75,2200640.25,NA,NA,307756.59375,267856.1875,360946.59375,252194.890625,NA,NA,366413.3125,355773.125,368391,300831.90625,NA,NA,472834.3125,106287.6015625,505397.59375,439419.84375,247408.53125
"330/NA/NA/PHENYLALANINE",NA,NA,NA,409705.0625,234674.8125,345541.53125,NA,NA,NA,NA,NA,NA,NA,NA,NA,NA,NA,NA,NA,NA,NA,NA,NA,NA,NA,NA,NA
"331/NA/NA/2-Amino-1-phenylethanol CollisionEnergy:102040",NA,NA,NA,790036.0625,524391.9375,660410.0625,NA,NA,111115.078125,393656.375,437137.9375,457924.75,572142.125,214734.234375,434897.3125,386056.3125,NA,NA,323205.65625,261829.0625,246395.0625,281131.15625,NA,NA,NA,NA,NA
"332/CC(C1=CC=CC=C1)NC(=O)[CH]/null/162.0916mz",NA,NA,NA,262498.46875,NA,190746.84375,NA,NA,NA,NA,NA,NA,NA,NA,NA,NA,NA,NA,NA,NA,NA,NA,NA,NA,NA,NA,NA
"357/CC(C)CC(C(=O)NC(CO)C(=O)NC(CC1=CC=CC=C1)C(=O)O)N/2-[[2-[(2-amino-4-methylpentanoyl)amino]-3-hydroxypropanoyl]amino]-3-phenylpropanoic acid/366.2031mz",NA,NA,NA,212311.265625,NA,402405.65625,NA,NA,NA,NA,NA,NA,NA,NA,NA,NA,NA,NA,NA,NA,NA,NA,NA,NA,NA,NA,NA
"377/NA/NA/Spectral Match to Phe-Pro from NIST14",NA,NA,NA,292273.5,379066.1875,185655.703125,NA,NA,95242.5859375,119517.2265625,NA,NA,NA,NA,NA,NA,NA,NA,151558.875,172261.515625,NA,NA,NA,NA,NA,NA,NA
"386/COC1=CC(=CC(=C1OC)OC)C=CC=CC=O/null/249.1124mz",NA,NA,NA,1530715.25,1734728.125,949758,1421029.125,4746667.5,948069.0625,1329028.875,1370895.5,1280505.125,1534045.625,1133403.5,997631.25,823827.4375,1419509.5,1344903.5,818272.0625,737120.4375,977065.1875,914561.75,1620362,726302.25,1770327.125,1641869.375,1017473.8125
"429/COC1=CC(=CC(=C1O)OC)C=CC=O/bmse000606/209.0811mz",NA,NA,NA,236373.21875,343634.78125,NA,NA,NA,NA,NA,191117.234375,189512.546875,245673.859375,165808.3125,NA,NA,175936.484375,168101.15625,NA,NA,NA,NA,NA,NA,NA,NA,NA
"582/CC1=C(C=C(C=C1)C=CC=O)OC/(E)-3-(3-methoxy-4-methylphenyl)prop-2-enal/177.0912mz",NA,NA,NA,855892.1875,941679.25,398933.28125,902903.375,2345097,276071.9375,772642.3125,607917.8125,406826.34375,737533.375,374336.6875,NA,NA,1386916.125,1288755.25,NA,NA,NA,NA,NA,NA,1242889.25,1250038,700215.8125
"643/NA/NA/Tetrahydrosappanone A Trimethyl Ether",NA,NA,NA,301230.75,324230.8125,NA,NA,NA,NA,NA,216041.078125,148542.390625,NA,NA,NA,NA,NA,NA,NA,NA,NA,NA,NA,NA,NA,NA,NA
"722/NA/NA/cuminyl alcohol",NA,NA,NA,170204.203125,223916.875,NA,NA,NA,NA,NA,NA,NA,NA,NA,NA,NA,NA,NA,NA,NA,NA,NA,NA,NA,NA,NA,NA
"861/CCCCCCCCC(=CC(=O)O)C(=O)O/(Z)-2-octylbut-2-enedioate/229.1438mz",NA,NA,NA,451450.53125,549233.25,266496.6875,NA,NA,197262.171875,264800.15625,277700.875,140651.921875,271803.125,245685.09375,NA,NA,NA,NA,334353.75,309284.40625,219943.28125,243642.515625,NA,NA,323448.96875,294915.125,132768.625
"913/NA/NA/dihydroferulic_acid",NA,NA,NA,223151.171875,272577.125,178819.6875,NA,NA,NA,NA,NA,NA,NA,NA,NA,NA,NA,NA,NA,NA,NA,NA,NA,NA,NA,NA,NA
"942/CCCCCCCCCCN(CCO)CCO/Ethanol, 2,2''-(decylimino)bis-/246.2432mz",NA,NA,NA,176487.09375,164728.03125,140362.328125,NA,NA,210308.3125,204443.734375,151137.421875,147023.96875,199298.546875,142899.78125,151509.40625,198898.140625,196993.9375,163619.59375,174074.609375,143932.71875,205390.703125,177761.375,159307.921875,169094.671875,140662.609375,NA,157187.1875
"1009/NA/NA/""Spectral Match to 12,13-DiHOME from NIST14""",NA,NA,NA,317302.5625,355573.15625,79196.1796875,967192.5625,2561659,NA,NA,142584.46875,101370.75,NA,NA,NA,NA,259113.6875,252279.453125,NA,NA,NA,NA,NA,NA,284279,191830.25,105568.015625
"1031/NA/NA/Spectral Match to 12(13)-Epoxy-9Z-octadecenoic acid from NIST14",NA,NA,NA,314693.3125,405359.125,52634.09375,1831323.75,4047031.75,NA,NA,NA,NA,NA,NA,NA,NA,557567.125,413866.5625,135895.8125,153884.453125,NA,NA,NA,NA,482488.78125,295156.84375,NA
"1033/NA/NA/""Spectral Match to 12,13-DiHOME from NIST14""",NA,NA,NA,144758.609375,250971.171875,NA,1295791.875,3275173.5,NA,NA,NA,NA,NA,NA,NA,NA,242947.375,220029.59375,89241.09375,104768.265625,NA,NA,NA,NA,194018.09375,170646.203125,NA
"1171/CCCCCCCCCCCC[N+](C)(C)CC1=CC=CC=C1/Ajatin/304.3004mz",NA,NA,NA,3035262,3136977,2604484.25,NA,NA,3092678.75,3363819,NA,NA,NA,NA,NA,NA,NA,NA,NA,NA,NA,NA,NA,NA,NA,NA,NA
"1217/CCCCCCCCCCCCCCCC(=O)NC(CCC(=O)NCCCCC(C(=O)N)NN)C(=O)O/null/528.4118mz",NA,NA,NA,82163.421875,93140.2421875,72931.828125,372728,1239869.875,NA,NA,NA,NA,NA,NA,NA,NA,NA,NA,NA,NA,NA,NA,NA,NA,104392.734375,143016.671875,84263.7265625
"1224/CCCCCCCC[N+](CCC)(CCCC)CCCCC/butyl-octyl-pentyl-propylazanium/298.3474mz",NA,NA,NA,1972033.75,2137444.5,2027612.5,NA,NA,NA,NA,NA,NA,NA,NA,NA,NA,NA,NA,NA,NA,NA,NA,NA,NA,NA,NA,NA
"1846/CCCCCCCCCCCCNCCO/2-Dodecylamino-ethanol/230.2483mz",NA,NA,NA,NA,2207915.5,1769466.875,NA,NA,NA,NA,NA,NA,NA,NA,NA,NA,NA,NA,NA,NA,NA,NA,NA,NA,NA,NA,NA
"2034/CC1=CCC(C(=C1C)CC(C(=CC=CC(=CC=CC=C(C)C=CC=C(C)C(CC2=C(C(=CCC2(C)C)C)C)OC)C)C)OC)(C)C/1-[(3E,5E,7E,9E,11E,13E,15E)-2,17-dimethoxy-3,7,12,16-tetramethyl-18-(2,3,6,6-tetramethylcyclohexa-1,3-dien-1-yl)octadeca-3,5,7,9,11,13,15-heptaenyl]-2,3,6,6-tetramethylcyclohexa-1,3-diene/663.4550mz",NA,NA,NA,347414.03125,NA,137408,NA,NA,NA,NA,NA,NA,NA,NA,163899.765625,219966.59375,210090.296875,193672.171875,NA,NA,522678.375,105933.5546875,NA,NA,NA,NA,NA
"2462/CC1C(N(C(O1)(C)C)C(=O)OC(C)(C)C)C2=NC(=CS2)C3C(CCC(=N3)C4=NC(=CS4)C(=O)OC)(C5=NC(=CS5)C(=O)OC)NC(=O)C(C)NC(=O)OCC=C/tert-butyl (4S,5R)-4-[4-[(2S,3R)-3,6-bis(4-methoxycarbonyl-1,3-thiazol-2-yl)-3-[[(2S)-2-(prop-2-enoxycarbonylamino)propanoyl]amino]-4,5-dihydro-2H-pyridin-2-yl]-1,3-thiazol-2-yl]-2,2,5-trimethyl-1,3-oxazolidine-3-carboxylate/832.2431mz",NA,NA,NA,NA,53812.03515625,52831.609375,57370.65625,53125.5625,NA,NA,NA,NA,35747.875,56282.8671875,NA,NA,NA,NA,NA,NA,NA,NA,NA,NA,NA,NA,NA
"2914/NA/NA/""N,N-Dimethyltetradecylamine-N-oxide""",NA,NA,NA,NA,128190.1640625,188113.484375,NA,NA,NA,NA,NA,NA,NA,NA,NA,NA,NA,NA,NA,NA,NA,NA,NA,NA,161299.015625,NA,148419.78125
"2922/CCC(C)C1C(=O)NC(C(=O)NC(C(=O)NC(C(=O)N1)CC(C)C)C(C)CC)CC(C)C/null/453.3445mz",NA,NA,NA,NA,4982040,3448980.5,NA,NA,NA,NA,NA,NA,NA,NA,NA,NA,NA,NA,NA,NA,NA,NA,NA,NA,3554433,NA,4609346
"2970/C1=C(S(=O)(=O)NC1=O)C(=O)O/null/159.9696mz",NA,NA,NA,NA,1957797.375,1987692.625,1733577.375,1207119.5,1656097.75,1371873.5,1016624.5625,1544512.75,1468544,1493936.5,NA,NA,NA,NA,NA,NA,1557173.625,1499255.5,NA,NA,1328571.5,1426010.875,1803070.25
"75/COC1=CC=CC=N1/2-Methoxy pyridine/110.0603mz",NA,NA,NA,NA,NA,NA,1907878.875,1975645.25,NA,NA,NA,NA,NA,NA,NA,NA,NA,NA,NA,NA,NA,NA,NA,NA,NA,NA,NA
"98/CC1=C(SC=N1)CCO/sulfurol/144.0483mz",NA,NA,NA,NA,NA,NA,664387.1875,833511.25,NA,NA,NA,NA,NA,NA,NA,NA,NA,NA,NA,NA,NA,NA,NA,NA,NA,NA,NA
"119/C1=CC=C2C=NC=CC2=C1/2-Benzanine/130.0655mz",NA,NA,NA,NA,NA,NA,1163722,3552094.75,NA,NA,NA,NA,NA,NA,NA,NA,NA,NA,NA,NA,NA,NA,NA,NA,NA,NA,NA
"135/NA/NA/Spectral Match to Hexaethylene glycol from NIST14 [IIN-based: Match]",NA,NA,NA,NA,NA,NA,301986.65625,553282.0625,NA,NA,NA,NA,NA,NA,NA,NA,NA,NA,NA,NA,NA,NA,NA,NA,NA,NA,NA
"150/C(COCCOCCOCCOCCOCCOCCO)O/Epitope ID:161055/344.2289mz",NA,NA,NA,NA,NA,NA,654868.4375,1340383.25,NA,NA,NA,NA,NA,NA,NA,NA,NA,NA,353251.53125,276307.625,NA,NA,216876.609375,100453.03125,NA,NA,NA
"151/COC1=CC(=CC(=C1OC)OC)CCC(=O)O/Oprea1_083965/241.1076mz",NA,NA,NA,NA,NA,NA,2225674,3462149.75,NA,NA,380585.15625,375111.84375,1258539.25,720708.625,381764.3125,677120.5,330038.5625,452459.34375,1376100.625,1087335.5,553237.0625,303052.09375,NA,NA,447873.625,475286.34375,NA
"152/COC1=CC(=CC(=C1O)OC)C=C/2,6-Dimethoxy-4-vinylphenol/181.0864mz",NA,NA,NA,NA,NA,NA,1462693.125,2416201.25,NA,NA,NA,NA,516134.25,353752.25,NA,NA,NA,NA,628013.375,534171.5625,NA,NA,NA,NA,101634.515625,222095.015625,NA
"154/COC(=O)C(CCCCNC(=O)NCC=C)NC(=O)NCC=C/null/349.1842mz",NA,NA,NA,NA,NA,NA,791488.25,1526693.75,NA,NA,NA,NA,NA,NA,NA,NA,NA,NA,364618,290634.3125,NA,NA,NA,NA,NA,NA,NA
"170/COC1=C(C(=CC=C1)OC)C=O/2,6-Dimethoxybenzaldehyde/167.0707mz",NA,NA,NA,NA,NA,NA,642096.3125,1892672.875,NA,NA,NA,NA,NA,NA,NA,NA,NA,NA,NA,NA,NA,NA,NA,NA,NA,NA,NA
"174/NA/NA/Spectral Match to 2-Hydroxy-3-methoxybenzyl alcohol from NIST14",NA,NA,NA,NA,NA,NA,618017.375,1737461.25,NA,NA,NA,NA,NA,NA,NA,NA,268112.75,286836.9375,NA,NA,NA,NA,NA,NA,276975.09375,273534.3125,191319.96875
"179/NA/NA/Spectral Match to 1-Amino-2-ethoxybenzene from NIST14",NA,NA,NA,NA,NA,NA,645400,1412004.875,NA,NA,NA,NA,NA,NA,NA,NA,NA,NA,NA,NA,NA,NA,NA,NA,NA,NA,NA
"218/NA/NA/Spectral Match to Nonaethylene glycol from NIST14",NA,NA,NA,NA,NA,NA,589120.5,1163364,NA,NA,NA,NA,121394.078125,133326.859375,NA,NA,NA,NA,NA,NA,NA,NA,NA,NA,NA,NA,NA
"336/CC1=CC(=C(C=C1)OC)C2C(C(C(C(O2)COC(=O)C)OC(=O)C)OC(=O)C)OC(=O)C/null/475.1593mz",NA,NA,NA,NA,NA,NA,289719.53125,414749.96875,NA,NA,NA,NA,NA,NA,NA,NA,NA,NA,NA,NA,NA,NA,NA,NA,193085.28125,NA,162411.28125
"358/NA/NA/Loliolide [IIN-based: Match]",NA,NA,NA,NA,NA,NA,407500.15625,1167628.75,NA,NA,NA,NA,NA,NA,NA,NA,210796.046875,198941.375,148828.640625,157786.875,NA,NA,NA,NA,212135.890625,125596.953125,NA
"524/COC1=CC(=CC(=C1O)OC)CC(CO)C(CC2=CC(=C(C(=C2)OC)O)OC)CO/1,4-Butanediol, 2,3-bis[(4-hydroxy-3,5-dimethoxyphenyl)methyl]-/405.1912mz",NA,NA,NA,NA,NA,NA,768615.3125,2280908.5,NA,NA,NA,NA,NA,NA,NA,NA,NA,NA,NA,NA,NA,NA,NA,NA,466050.25,386346.65625,160650.296875
"555/CC(C)C(C(=O)NC(C)C(=O)NCCC1CCCCC1)NC(=O)C/null/340.2598mz",NA,NA,NA,NA,NA,NA,61275376,57360480,NA,NA,NA,NA,NA,NA,NA,NA,64232028,65413596,66403636,62348696,NA,NA,NA,NA,NA,NA,NA
"639/COC1=CC(=C(C=C1)OC)C(=O)C#CC2=CC(=C(C=C2OC)OC)OC/2-Propyn-1-one, 1-(2,5-dimethoxyphenyl)-3-(2,4,5-trimethoxyphenyl)-/357.1341mz",NA,NA,NA,NA,NA,NA,193425.921875,657480.375,NA,NA,NA,NA,NA,NA,NA,NA,NA,NA,NA,NA,NA,NA,NA,NA,NA,NA,NA
"950/NA/NA/""Spectral Match to 13S-Hydroxy-9Z,11E,15Z-octadecatrienoic acid from NIST14""",NA,NA,NA,NA,NA,NA,205416.71875,646599.75,NA,NA,NA,NA,NA,NA,NA,NA,NA,NA,NA,NA,NA,NA,NA,NA,NA,NA,NA
"979/NA/NA/Spectral Match to 12(13)-Epoxy-9Z-octadecenoic acid from NIST14",NA,NA,NA,NA,NA,NA,253212.140625,1367939.125,NA,NA,NA,NA,NA,NA,NA,NA,NA,NA,NA,NA,NA,NA,NA,NA,NA,NA,NA
"980/NA/NA/""Spectral Match to 12,13-DiHOME from NIST14""",NA,NA,NA,NA,NA,NA,143712.203125,960836.4375,NA,NA,NA,NA,NA,NA,NA,NA,NA,NA,NA,NA,NA,NA,NA,NA,NA,NA,NA
"981/CC(C)(C)N1CC(=O)N(CC(=O)N(CC(=O)N(CC(=O)N(CC(=O)N(CC(=O)N(CC1=O)C(C)(C)C)C(C)(C)C)C(C)(C)C)C(C)(C)C)C(C)(C)C)C(C)(C)C/null/792.5985mz",NA,NA,NA,NA,NA,NA,1353385.5,900772.875,NA,NA,NA,NA,NA,NA,NA,NA,NA,NA,NA,NA,NA,NA,NA,NA,NA,NA,NA
"1002/NA/NA/Spectral Match to 12(13)-Epoxy-9Z-octadecenoic acid from NIST14",NA,NA,NA,NA,NA,NA,334319.59375,852177.375,NA,NA,NA,NA,NA,NA,NA,NA,90714.0625,69994.59375,NA,NA,NA,NA,NA,NA,NA,NA,NA
"1012/CCC(CCCCCC(C(CCCCCCCC(=O)O)O)O)O/null/315.2535mz",NA,NA,NA,NA,NA,NA,275422.8125,849028.1875,NA,NA,NA,NA,NA,NA,NA,NA,NA,NA,NA,NA,NA,NA,NA,NA,NA,NA,NA
"1017/CC(C)(C)N1CC(=O)N(CC(=O)N(CC(=O)N(CC(=O)N(CC(=O)N(CC(=O)N(CC1=O)C(C)(C)C)C(C)(C)C)C(C)(C)C)C(C)(C)C)C(C)(C)C)C(C)(C)C/null/792.5983mz",NA,NA,NA,NA,NA,NA,1635328.625,1249000.75,NA,NA,NA,NA,NA,NA,NA,NA,NA,NA,NA,NA,NA,NA,NA,NA,NA,NA,NA
"1065/NA/NA/""Spectral Match to 13-Keto-9Z,11E-octadecadienoic acid from NIST14""",NA,NA,NA,NA,NA,NA,529315,1389005.125,NA,NA,NA,NA,NA,NA,NA,NA,NA,NA,NA,NA,NA,NA,NA,NA,NA,NA,NA
"1208/CCCCCCCCCCCCCCCCCC(=O)NC(CCCCN)C(=O)NC(CC1=CNC2=CC=CC=C21)C(=O)NC(CCCCN)C(=O)N/null/748.5435mz",NA,NA,NA,NA,NA,NA,254074.84375,926055.1875,NA,NA,NA,NA,NA,NA,NA,NA,NA,NA,NA,NA,NA,NA,NA,NA,NA,NA,NA
"1209/CC(C)C(C(=O)NC(C(C)C)C(=O)N(C)C(C(C)C)C(=O)N(C)C(C(C)C)C(=O)N(C)C(C(C)C)C(=O)NCCCCN=C(N)N)NC/null/704.5162mz",NA,NA,NA,NA,NA,NA,306047.375,1120054.25,NA,NA,NA,NA,NA,NA,NA,NA,NA,NA,NA,NA,NA,NA,NA,NA,NA,NA,NA
"1210/CCCCCCNC(=O)OCCCC(CCCOC(=O)NCCCCNC(=O)OC(C)(C)C)(CCOC(=O)NCCCCCC)N/null/660.4903mz",NA,NA,NA,NA,NA,NA,344765.6875,1266265.75,NA,NA,NA,NA,NA,NA,NA,NA,NA,NA,NA,NA,NA,NA,NA,NA,NA,NA,NA
"1211/CCCCCCCCCCCC[N+](C)(C)CC(CN1CCN(CCN(CCN(CC1)CC(=O)O)CC(=O)O)CC(=O)O)O/null/616.4645mz",NA,NA,NA,NA,NA,NA,352331.875,1319479.75,NA,NA,NA,NA,NA,NA,NA,NA,NA,NA,NA,NA,NA,NA,NA,NA,NA,NA,NA
"1214/C(CCCCCCCCC(=O)O)CCCCCCCC(=O)NCCCCC(C(=O)CNC(CO)C(=O)N)NCN/18-[[7-[[(2S)-1-amino-3-hydroxy-1-oxopropan-2-yl]amino]-5-(aminomethylamino)-6-oxoheptyl]amino]-18-oxooctadecanoic acid/572.4384mz",NA,NA,NA,NA,NA,NA,374857.75,1334463,NA,NA,NA,NA,NA,NA,NA,NA,NA,NA,NA,NA,NA,NA,NA,NA,82527.1875,115365.96875,NA
"1260/CCCNC(=O)CCN(CCC(=O)NCCC)CCNC(=O)CCN(CCC)CCC(=O)NCCN(CCC(=O)NCCC)CCC(=O)NCCC/null/762.5598mz",NA,NA,NA,NA,NA,NA,38063.11328125,322293.3125,NA,NA,NA,NA,NA,NA,NA,NA,NA,NA,NA,NA,NA,NA,NA,NA,NA,NA,NA
"1263/CCCCCCCCCCCCCCCCCCNC(=O)CNCCN(CCN(CCNCC(=O)O)CC(=O)O)CC(=O)O/null/630.4801mz",NA,NA,NA,NA,NA,NA,49370.72265625,403607.5,NA,NA,NA,NA,NA,NA,NA,NA,NA,NA,NA,NA,NA,NA,NA,NA,NA,NA,NA
"1266/CC(CC(C)NC)CC(C)NC(=O)CCCCC(=O)NCCNCCNC(=O)CCCCC(=O)C/N''-[4-methyl-6-(methylamino)heptan-2-yl]-N-[2-[2-(6-oxoheptanoylamino)ethylamino]ethyl]hexanediamide/498.4015mz",NA,NA,NA,NA,NA,NA,39832.7734375,264176.9375,NA,NA,NA,NA,NA,NA,NA,NA,NA,NA,NA,NA,NA,NA,NA,NA,NA,NA,NA
"1297/CCOP(=O)(O)OP(=O)(O)OCC1C(C(C(O1)N2C=NC3=C(N=CN=C32)C)O)OP(=O)(O)O/null/535.0386mz",NA,NA,NA,NA,NA,NA,273083.5,1050725.875,NA,NA,NA,NA,NA,NA,NA,NA,NA,NA,NA,NA,NA,NA,NA,NA,NA,NA,NA
"1299/CCCC=CCCCCCCCC[N+](C(CCC)C(=O)O)(C(CCC)C(=O)O)C(CCC)C(=O)O/null/520.3631mz",NA,NA,NA,NA,NA,NA,323213.96875,1231399.625,NA,NA,NA,NA,NA,NA,NA,NA,NA,NA,NA,NA,NA,NA,NA,NA,NA,NA,NA
"1315/CCCCCCCC=CCCCCCCCC(=O)OCC(COC1C(C(C(C(O1)C(=O)O)O)O)O)OC(=O)CCCCCCCC=CCCCC/null/727.5014mz",NA,NA,NA,NA,NA,NA,250901.96875,1040604.625,NA,NA,NA,NA,NA,NA,NA,NA,NA,NA,NA,NA,NA,NA,NA,NA,NA,NA,NA
"1326/CCCCCCCCCCCCCCC=COCC(COP(=O)(O)O)OC(=O)CCC=CCC=CCC=CCC=CCC=CCC=CCC/1-(1Z-hexadecenyl)-2-(4Z,7Z,10Z,13Z,16Z,19Z-docosahexaenoyl)-glycero-3-phosphate/705.4882mz",NA,NA,NA,NA,NA,NA,650968,2163854,NA,NA,NA,NA,NA,NA,NA,NA,NA,NA,NA,NA,NA,NA,NA,NA,NA,NA,NA
"1327/COC1=CC(=CC(=C1OC)OC)C(=O)NCC(=O)NN=CC2=C(C(=CC(=C2)Br)Br)OC(=O)C3=CC=CC=C3/[2,4-dibromo-6-[[[2-[(3,4,5-trimethoxybenzoyl)amino]acetyl]hydrazinylidene]methyl]phenyl] benzoate/685.9523mz",NA,NA,NA,NA,NA,NA,183804.625,578924.875,NA,NA,NA,NA,NA,NA,NA,NA,NA,NA,NA,NA,NA,NA,NA,NA,NA,NA,NA
"1328/CCCCCCCCCCC(=O)OC(COC1C(C(C(C(O1)CO)O)O)O)COC(=O)CCCCCCCC=CCC=CCC=CCC/null/683.4750mz",NA,NA,NA,NA,NA,NA,1309684.625,3884550.25,NA,NA,NA,NA,NA,NA,NA,NA,NA,NA,NA,NA,NA,NA,NA,NA,NA,NA,NA
"1329/COCCOCCC(=O)NCCCCC(C(=O)NC(CCCCN)C(=O)O)NC(=O)C(CCCCN)NC(=O)C(CCCCN)N/null/661.4618mz",NA,NA,NA,NA,NA,NA,1997411.625,6995706,NA,NA,NA,NA,NA,NA,NA,NA,NA,NA,NA,NA,NA,NA,NA,NA,NA,NA,NA
"1335/C1=CC(=CC=C1OC2=CC(=C(C=C2)OC3=CC=C(C=C3)S(=O)(=O)O)S(=O)(=O)O)S(=O)(=O)C4=C(C=CC(=C4)Cl)Cl/5-[4-(2,5-dichlorophenyl)sulfonylphenoxy]-2-(4-sulfophenoxy)benzenesulfonic acid/630.9355mz",NA,NA,NA,NA,NA,NA,259031.59375,1214085,NA,NA,NA,NA,NA,NA,NA,NA,NA,NA,NA,NA,NA,NA,NA,NA,NA,NA,NA
"1336/CC1(C2CCC3(C(C2(CCC1O)C)CC(C4C3(CCC4C5(CCC(O5)C(C)(C)O)C)C)OC6C(C(C(C(O6)CO)O)O)O)C)C/null/639.4487mz",NA,NA,NA,NA,NA,NA,3023524.5,10218862,NA,NA,NA,NA,NA,NA,NA,NA,NA,NA,NA,NA,NA,NA,NA,NA,NA,NA,NA
"1337/C1=CC(=C(C=C1CC(C(=O)O)N)[N+](=O)[O-])OC(=O)C(CC2=CC(=C(C(=C2)I)O)I)N/null/641.9260mz",NA,NA,NA,NA,NA,NA,652036.9375,1936922.625,NA,NA,NA,NA,NA,NA,NA,NA,NA,NA,NA,NA,NA,NA,NA,NA,NA,NA,NA
"1343/CCCCCCCCCCCCCCCCCOCCOCCOCCOCCOCCOCCOCCOC/null/617.4358mz",NA,NA,NA,NA,NA,NA,4750844.5,12996649,NA,NA,NA,NA,NA,NA,NA,NA,NA,NA,NA,NA,NA,NA,NA,NA,NA,NA,NA
"1344/C1=CC(=CC=C1S(=O)(=O)NCCCCC(C(=O)NO)NS(=O)(=O)C2=CC=C(C=C2)Br)Br/null/619.9131mz",NA,NA,NA,NA,NA,NA,947995.875,2356914.5,NA,NA,NA,NA,NA,NA,NA,NA,NA,NA,NA,NA,NA,NA,NA,NA,NA,NA,NA
"1350/C1=CC=C(C=C1)OCCOC(=O)C2=CC=C(C=C2)OC(=O)COC3=C(C=C(C=C3)Br)Br/2-phenoxyethyl 4-[2-(2,4-dibromophenoxy)acetyl]oxybenzoate/586.9094mz",NA,NA,NA,NA,NA,NA,800942,3149607.75,NA,NA,NA,NA,NA,NA,NA,NA,NA,NA,NA,NA,NA,NA,NA,NA,NA,NA,NA
"1351/CC(C)C(CC1=CC(=C(C=C1)F)OCCCOC)CC(C(CC(C(C)C)C(=O)NCC2(CC2)NC(=O)C3CC3)O)N/null/595.4229mz",NA,NA,NA,NA,NA,NA,6787207,16797688,NA,NA,NA,NA,NA,NA,NA,NA,NA,NA,NA,NA,NA,NA,NA,NA,NA,NA,NA
"1352/CC(C)OC(=O)C(C)N[P+](=O)OCC1C(C(C(O1)N2C=CC(=O)NC2=O)(Br)Br)O/null/597.9004mz",NA,NA,NA,NA,NA,NA,1304594.5,3303603.25,NA,NA,NA,NA,NA,NA,NA,NA,NA,NA,NA,NA,NA,NA,NA,NA,NA,NA,NA
"1356/CC(=O)OI(C1=CC=CC=C1)OI(C2=CC=CC=C2)OC(=O)C/null/564.8961mz",NA,NA,NA,NA,NA,NA,1076978.875,4710670,NA,NA,NA,NA,NA,NA,NA,NA,NA,NA,NA,NA,NA,NA,NA,NA,NA,NA,NA
"1357/C1=C(C(=C(C(=N1)Br)NCCCCS(=O)(=O)O)NCCCCS(=O)(=O)O)Br/null/575.8873mz",NA,NA,NA,NA,NA,NA,1794347.25,3864484,NA,NA,NA,NA,NA,NA,NA,NA,NA,NA,NA,NA,NA,NA,NA,NA,NA,NA,NA
"1359/CCC(C)C(C(=O)NCC(=O)NC(CCCCN)C(=O)O)NC(=O)C(CCCCN)NC(=O)C(CCCCN)N/null/573.4096mz",NA,NA,NA,NA,NA,NA,9007944,20459532,NA,NA,NA,NA,NA,NA,NA,NA,NA,NA,NA,NA,NA,NA,NA,NA,NA,NA,NA
"1366/CCOC(=O)C1=C(OC2=CC(=C(C(=C21)Br)OC)Br)CNC3=CC(=CC=C3)Cl/ethyl 4,6-dibromo-2-[(3-chloroanilino)methyl]-5-methoxy-1-benzofuran-3-carboxylate/553.8740mz",NA,NA,NA,NA,NA,NA,2328840.25,4337210.5,NA,NA,NA,NA,NA,NA,NA,NA,NA,NA,NA,NA,NA,NA,NA,NA,NA,NA,NA
"1370/COC1=C(C=C(C=C1)C(=O)OC2=CC=C(C=C2)Br)C(=O)OC3=CC=C(C=C3)Br/null/542.8828mz",NA,NA,NA,NA,NA,NA,1810570.375,7257082,NA,NA,NA,NA,NA,NA,NA,NA,NA,NA,NA,NA,NA,NA,NA,NA,NA,NA,NA
"1371/CC(CCC(=O)NC(CO)(CO)CO)C1CCC2C1(C(CC3C2C(CC4C3(CCC(C4)O)C)O)O)C/N-[1,3-dihydroxy-2-(hydroxymethyl)propan-2-yl]-4-(3,7,12-trihydroxy-10,13-dimethyl-2,3,4,5,6,7,8,9,11,12,14,15,16,17-tetradecahydro-1H-cyclopenta[a]phenanthren-17-yl)pentanamide/512.3571mz",NA,NA,NA,NA,NA,NA,798322.875,3474057.75,NA,NA,NA,NA,NA,NA,NA,NA,NA,NA,NA,NA,NA,NA,NA,NA,NA,NA,NA
"1372/CCOSP(=O)(SOCC)SSSP(=O)(SOCC)SOCC/1-[[bis(ethoxysulfanyl)phosphoryltrisulfanyl]-ethoxysulfanylphosphoryl]sulfanyloxyethane/520.8695mz",NA,NA,NA,NA,NA,NA,2808760.5,9625353,NA,NA,NA,NA,NA,NA,NA,NA,NA,NA,NA,NA,NA,NA,NA,NA,NA,NA,NA
"1383/B(C(CC(C)C)NC(=O)C(CNC(=O)NC1=CC=CC=C1)NC(=O)CCCCCCCCC)(O)O/null/490.3440mz",NA,NA,NA,NA,NA,NA,1004830.4375,4511396,NA,NA,NA,NA,NA,NA,NA,NA,NA,NA,NA,NA,NA,NA,NA,NA,NA,NA,NA
"1384/COC1=CC(=C(C=C1I)OCCCS(=O)(=O)O)I/null/498.8565mz",NA,NA,NA,NA,NA,NA,4058914.5,13461743,NA,NA,NA,NA,NA,NA,NA,NA,NA,NA,NA,NA,NA,NA,NA,NA,NA,NA,NA
"1385/CCOC(=O)C(C1=CC2=C(C=C1)OC(=N2)C3=CC=C(C=C3)Cl)(Br)Br/ethyl 2,2-dibromo-2-[2-(4-chlorophenyl)-1,3-benzoxazol-5-yl]acetate/509.8484mz",NA,NA,NA,NA,NA,NA,3437120.25,5586177,NA,NA,NA,NA,NA,NA,NA,NA,NA,NA,NA,NA,NA,NA,NA,NA,NA,NA,NA
"1392/C1CN(CCC1OCCBr)S(=O)(=O)C2=CC(=C(S2)Br)Cl/null/487.8354mz",NA,NA,NA,NA,NA,NA,3823838.75,6323721.5,NA,NA,NA,NA,NA,NA,NA,NA,NA,NA,NA,NA,NA,NA,NA,NA,NA,NA,NA
"1399/CCCCCCCCCCCC(=O)O[P+](=O)OC(=O)CCCCCCCCCCC/null/446.3174mz",NA,NA,NA,NA,NA,NA,1354434.125,6330363.5,NA,NA,NA,NA,NA,NA,NA,NA,NA,NA,NA,NA,NA,NA,NA,NA,NA,NA,NA
"1400/C(C(OP(OC(CS)(S)S)OC(CS)(S)S)(S)S)S/null/454.8304mz",NA,NA,NA,NA,NA,NA,7558721,20701568,NA,NA,NA,NA,NA,NA,NA,NA,NA,NA,NA,NA,NA,NA,NA,NA,NA,NA,NA
"1407/CCCCCCCCC=CCCCCCCCC(=O)NCCOC(=O)C=CC(=O)O/null/424.3038mz",NA,NA,NA,NA,NA,NA,1304443.75,5902136,NA,NA,NA,NA,NA,NA,NA,NA,NA,NA,NA,NA,NA,NA,NA,NA,NA,NA,NA
"1408/C(CSSCCOC(=O)CBr)OC(=O)CBr/null/432.8172mz",NA,NA,NA,NA,NA,NA,9230654,22075842,NA,NA,NA,NA,NA,NA,NA,NA,NA,NA,NA,NA,NA,NA,NA,NA,261402.8125,139239.578125,NA
"1420/CCCCCCCCCCCCCC1CCC(=COC(=O)CCCCCl)O1/null/402.2903mz",NA,NA,NA,NA,NA,NA,1350417.375,5424836,NA,NA,NA,NA,NA,NA,NA,NA,NA,NA,NA,NA,NA,NA,NA,NA,NA,NA,NA
"1433/CCOCC(COC(C)COC(C)COC(C)COC(C)COC(C)COC(C)COC(C)COC(C)COC(C)COC(C)COC(C)CO)O/null/759.5486mz",NA,NA,NA,NA,NA,NA,1440001.625,9143578,NA,NA,NA,NA,NA,NA,NA,NA,NA,NA,NA,NA,NA,NA,NA,NA,NA,NA,NA
"1437/CCCCC(C(CO)O)OCCOCCOC(CCCC)C(CO)OC(CO)C(CCCC)OCCOCCOC(CCCC)C(CO)O/null/715.5212mz",NA,NA,NA,NA,NA,NA,2601159,15206776,NA,NA,NA,NA,NA,NA,NA,NA,NA,NA,NA,NA,NA,NA,NA,NA,NA,NA,NA
"1443/CC(CCCCCC(O)O)(C(CCCCCC(O)O)(CCCCCC(O)O)O)C(CCCCCC(O)O)(CCCCCC(O)O)O/null/671.4947mz",NA,NA,NA,NA,NA,NA,2845531.5,16960710,NA,NA,NA,NA,NA,NA,NA,NA,NA,NA,NA,NA,NA,NA,NA,NA,NA,NA,NA
"1446/CCOC(C)COC(C)COC(C)COC(C)COC(C)COC(C)COC(C)COC(C)COC(C)COC(C)CO/null/627.4686mz",NA,NA,NA,NA,NA,NA,2450078.25,16242828,NA,NA,NA,NA,NA,NA,NA,NA,NA,NA,NA,NA,NA,NA,NA,NA,NA,NA,NA
"1451/CCOCC(C(C(COCCCCOCC(C(C(COCC)OCC)OCC)OCC)OCC)OCC)OCC/null/583.4427mz",NA,NA,NA,NA,NA,NA,2234768.25,16134569,NA,NA,NA,NA,NA,NA,NA,NA,NA,NA,NA,NA,NA,NA,NA,NA,NA,NA,NA
"1456/CCCCCCCCCCOCC(C)OCC(C)OCCOCCOCCOCCOCCOCCO/null/539.4163mz",NA,NA,NA,NA,NA,NA,2053686.375,13128539,NA,NA,NA,NA,NA,NA,NA,NA,NA,NA,NA,NA,NA,NA,NA,NA,NA,NA,NA
"1460/CCCCCCCCCCCCOCCOCCOCCOCCOCCOCCOCCO/Laureth-7/495.3900mz",NA,NA,NA,NA,NA,NA,1834339.375,11078865,NA,NA,NA,NA,NA,NA,NA,NA,NA,NA,NA,NA,NA,NA,NA,NA,NA,NA,NA
"1468/CCCCCCCCCCCCOCCOCCOCCOCCOCCOCCO/Laureth-6/451.3640mz",NA,NA,NA,NA,NA,NA,2344165.5,10692022,NA,NA,NA,NA,NA,NA,NA,NA,NA,NA,NA,NA,NA,NA,NA,NA,NA,NA,NA
"1471/CCCCCCCCCCCCOCC(CCO)OCCOCCOCCO/null/407.3372mz",NA,NA,NA,NA,NA,NA,3673077.5,13544643,NA,NA,NA,NA,NA,NA,NA,NA,NA,NA,NA,NA,NA,NA,NA,NA,NA,NA,NA
"1473/CCCCCCCCCCCCOCCOCCOCCOCCOCCO/Laureth-5/424.3641mz",NA,NA,NA,NA,NA,NA,5790286,17826626,NA,NA,NA,NA,NA,NA,NA,NA,NA,NA,NA,NA,NA,NA,NA,NA,NA,NA,NA
"1476/NA/NA/""3,6,9,12-Tetraoxatetracosan-1-ol""",NA,NA,NA,NA,NA,NA,3723035,12696593,NA,NA,NA,NA,NA,NA,NA,NA,NA,NA,NA,NA,NA,NA,NA,NA,NA,NA,NA
"1478/CCCCCCCCCCCCOCCOCCOCCOCCO/Dodecyltetraglycol/380.3378mz",NA,NA,NA,NA,NA,NA,684435.1875,2269780.25,NA,NA,NA,NA,NA,NA,NA,NA,NA,NA,NA,NA,NA,NA,NA,NA,NA,NA,NA
"1520/CNCCCCCC(=O)NC1CC2CC(=O)N3CC(CC3CC(=O)N4CC(CC4CC(=O)N2C1)NC(=O)CCCCCNC)NC(=O)CCCCCNC/null/760.5440mz",NA,NA,NA,NA,NA,NA,137089.25,536924.5,NA,NA,NA,NA,NA,NA,NA,NA,NA,NA,NA,NA,NA,NA,NA,NA,NA,NA,NA
"1535/CCCCCCCCCCNC(=O)CN(CCN(CCN(CC(=O)NCCCCCCCCCC)CC(=O)O)CC(=O)O)CC(=O)O/2-[bis[2-[carboxymethyl-[2-(decylamino)-2-oxoethyl]amino]ethyl]amino]acetic acid/672.4907mz",NA,NA,NA,NA,NA,NA,182066.5,957348.5625,NA,NA,NA,NA,NA,NA,NA,NA,NA,NA,NA,NA,NA,NA,NA,NA,NA,NA,NA
"1545/CNC(CCCCNC(=O)CCC(C(=O)NCCN(C)C)NC(=O)CCCCCCCCCCCCCCC(=O)O)C(=O)O/16-[[(2S)-5-[[(5S)-5-carboxy-5-(methylamino)pentyl]amino]-1-[2-(dimethylamino)ethylamino]-1,5-dioxopentan-2-yl]amino]-16-oxohexadecanoic acid/628.4643mz",NA,NA,NA,NA,NA,NA,237033.375,929225.1875,NA,NA,NA,NA,NA,NA,NA,NA,NA,NA,NA,NA,NA,NA,NA,NA,NA,NA,NA
"1556/CCCCCCCCCNCCOCCOCCOCCOCCOCCOCCOCCOCCOCCO/2-[2-[2-[2-[2-[2-[2-[2-[2-[2-(nonylamino)ethoxy]ethoxy]ethoxy]ethoxy]ethoxy]ethoxy]ethoxy]ethoxy]ethoxy]ethanol/584.4385mz",NA,NA,NA,NA,NA,NA,286765.09375,1126472.125,NA,NA,NA,NA,NA,NA,NA,NA,NA,NA,NA,NA,NA,NA,NA,NA,NA,NA,NA
"1560/CCC(C)C(C(=O)NCC1=CC=CC=N1)NC(=O)C(C(C)C)NC(=O)C(CC(C(CC(C)C)NC(=O)C(C(C)C)NC(=O)C)O)C(C)C/null/675.4779mz",NA,NA,NA,NA,NA,NA,118452.25,1953088.75,NA,NA,NA,NA,NA,NA,NA,NA,NA,NA,NA,NA,NA,NA,NA,NA,NA,NA,NA
"1565/CCCOCCOCCOCCN(CCOCCOCCOCCC)CCOCCOCCOCCC/2-[2-(2-propoxyethoxy)ethoxy]-N,N-bis[2-[2-(2-propoxyethoxy)ethoxy]ethyl]ethanamine/540.4116mz",NA,NA,NA,NA,NA,NA,276503.59375,942591.25,NA,NA,NA,NA,NA,NA,NA,NA,NA,NA,NA,NA,NA,NA,NA,NA,NA,NA,NA
"1567/CCCCCCCCCCC(C1CCC(O1)C2CCC(O2)C(CCCCCCCCCCC(C3=CC(OC3=O)C)O)O)O/null/631.4513mz",NA,NA,NA,NA,NA,NA,384258.6875,4338185.5,NA,NA,NA,NA,NA,NA,NA,NA,NA,NA,NA,NA,NA,NA,NA,NA,NA,NA,NA
"1573/CC(=CCCC(C1CCC2(C1C(CC3C2(CCC4C3(CCC(C4(C)C)O)C)C)O)C)OC5C(C(C(C(O5)CO)O)O)O)C/null/609.4385mz",NA,NA,NA,NA,NA,NA,687916.75,6938383,NA,NA,NA,NA,NA,NA,NA,NA,NA,NA,NA,NA,NA,NA,NA,NA,NA,NA,NA
"1574/CC(C)C1=C(C(=CC(=C1)OC2=C(C=C(C=C2Br)NC(=O)C3(CCCC3)C(=O)O)Br)Cl)O/1-[[3,5-dibromo-4-(3-chloro-4-hydroxy-5-propan-2-ylphenoxy)phenyl]carbamoyl]cyclopentane-1-carboxylic acid/611.9158mz",NA,NA,NA,NA,NA,NA,146093.625,1593588.875,NA,NA,NA,NA,NA,NA,NA,NA,NA,NA,NA,NA,NA,NA,NA,NA,NA,NA,NA
"1576/CC(C)(C)OC(=O)NCCCNCCCCN(CCCCN)CCCNC(=O)OC(C)(C)C/null/496.3853mz",NA,NA,NA,NA,NA,NA,255349.109375,824446.5,NA,NA,NA,NA,NA,NA,NA,NA,NA,NA,NA,NA,NA,NA,NA,NA,NA,NA,NA
"1581/CC1(CC2CC3C1OCCOCCOC4C5CC(CC4(C)C)C(C(C5)(C)C)OCCOCCOC2C(C3)(C)C)C/null/587.4254mz",NA,NA,NA,NA,NA,NA,1072692.5,9807939,NA,NA,NA,NA,NA,NA,NA,NA,NA,NA,NA,NA,NA,NA,NA,NA,NA,NA,NA
"1588/CCCSP(=O)(OCC)OC1=CC=C(C=C1)S(=O)(=O)OC2=CC(=C(C=C2Cl)Cl)Cl/(2,4,5-trichlorophenyl) 4-[ethoxy(propylsulfanyl)phosphoryl]oxybenzenesulfonate/556.8986mz",NA,NA,NA,NA,NA,NA,87403.7578125,1445272,NA,NA,NA,NA,NA,NA,NA,NA,NA,NA,NA,NA,NA,NA,NA,NA,NA,NA,NA
"1590/CCCCOC1=C(C=C(C=C1I)C=C(C(=O)O)NC(=O)C)I/2-acetamido-3-(4-butoxy-3,5-diiodophenyl)prop-2-enoic acid/567.8896mz",NA,NA,NA,NA,NA,NA,386227.84375,3460121.75,NA,NA,NA,NA,NA,NA,NA,NA,NA,NA,NA,NA,NA,NA,NA,NA,NA,NA,NA
"1591/C1=C(C=C(C(=C1Cl)OP(=O)(OC2=C(C=C(C=C2Cl)N)Cl)OC3=C(C=C(C=C3Cl)N)Cl)Cl)N/null/575.8769mz",NA,NA,NA,NA,NA,NA,109089.4296875,1476399,NA,NA,NA,NA,NA,NA,NA,NA,NA,NA,NA,NA,NA,NA,NA,NA,NA,NA,NA
"1600/CCOCCNC(=O)CCC(C(=O)O)NC(=O)CCCCCCCCCCCCCCCCCCC(=O)O/20-[[(1S)-1-carboxy-4-(2-ethoxyethylamino)-4-oxobutyl]amino]-20-oxoicosanoic acid/543.3989mz",NA,NA,NA,NA,NA,NA,2234641,15043684,NA,NA,NA,NA,NA,NA,NA,NA,NA,NA,NA,NA,NA,NA,NA,NA,NA,NA,NA
"1601/CC1=C(C(=C(N1)C(=O)OCC(Br)(Br)Br)CCC(=O)OC)CC(=O)OC/null/545.8765mz",NA,NA,NA,NA,NA,NA,523930.3125,4122710.75,NA,NA,NA,NA,NA,NA,NA,NA,NA,NA,NA,NA,NA,NA,NA,NA,NA,NA,NA
"1607/CC(C(OP(=O)(OC(C(C)S)(S)S)OC(C(C)S)(S)S)(S)S)S/tris[1,1,2-tris(sulfanyl)propyl] phosphate/512.8722mz",NA,NA,NA,NA,NA,NA,324206.5625,2746915.25,NA,NA,NA,NA,NA,NA,NA,NA,NA,NA,NA,NA,NA,NA,NA,NA,NA,NA,NA
"1608/C(CCN)CCN(CC(=O)NC(CCCCN)COC(=O)N)C(=O)OCC(CCCN=C(N)N)N/[(2S)-2-amino-5-(diaminomethylideneamino)pentyl] N-[2-[[(2R)-6-amino-1-carbamoyloxyhexan-2-yl]amino]-2-oxoethyl]-N-(5-aminopentyl)carbamate/521.3856mz",NA,NA,NA,NA,NA,NA,3163363.25,16813040,NA,NA,NA,NA,NA,NA,NA,NA,NA,NA,NA,NA,NA,NA,NA,NA,NA,NA,NA
"1609/CC1=C(C=CC(=C1)I)NS(=O)(=O)C2=C(C=CC(=C2)S(=O)(=O)C)Cl/null/523.8634mz",NA,NA,NA,NA,NA,NA,774715.5625,4524408,NA,NA,NA,NA,NA,NA,NA,NA,NA,NA,NA,NA,NA,NA,NA,NA,NA,NA,NA
"1610/C1=C(C=C(C(=C1C(=O)NC(CO)(CO)CO)O)I)I/null/531.8502mz",NA,NA,NA,NA,NA,NA,265446.21875,1578018.125,NA,NA,NA,NA,NA,NA,NA,NA,NA,NA,NA,NA,NA,NA,NA,NA,NA,NA,NA
"1617/C=CCOC(=O)CCC(COC(=O)CI)I/null/490.8591mz",NA,NA,NA,NA,NA,NA,556050,4923924.5,NA,NA,NA,NA,NA,NA,NA,NA,NA,NA,NA,NA,NA,NA,NA,NA,NA,NA,NA
"1618/CC1(CC(CC(N1O)(C)C)NC2=NC(=NC(=N2)OCCO)NC3CC(N(C(C3)(C)C)O)(C)C)C/null/499.3726mz",NA,NA,NA,NA,NA,NA,3738745.5,21656898,NA,NA,NA,NA,NA,NA,NA,NA,NA,NA,NA,NA,NA,NA,NA,NA,NA,NA,NA
"1626/CC(CN(Cl)Br)CO[P+](=O)OCC(C)CN(Cl)Br/null/468.8459mz",NA,NA,NA,NA,NA,NA,1075446.125,7564052,NA,NA,NA,NA,NA,NA,NA,NA,NA,NA,NA,NA,NA,NA,NA,NA,NA,NA,NA
"1641/CC(C)CC(C(=O)O)NC(=O)C(CC1CCCCC1)CC(CC2CCCCC2)C(=O)O/(2S,4S)-5-[[(1S)-1-carboxy-3-methylbutyl]amino]-2,4-bis(cyclohexylmethyl)-5-oxopentanoic acid/455.3463mz",NA,NA,NA,NA,NA,NA,4468270,17118002,NA,NA,NA,NA,NA,NA,NA,NA,NA,NA,NA,NA,NA,NA,NA,NA,NA,NA,NA
"1660/B(O)(OCCCCCCCCC=CCCCCCCCC(=O)O)OCC(CO)O/null/433.3330mz",NA,NA,NA,NA,NA,NA,1534078.875,5336325.5,NA,NA,NA,NA,NA,NA,NA,NA,NA,NA,NA,NA,NA,NA,NA,NA,NA,NA,NA
"1661/CC(CO)OCC(C)OCC(C)OCC(C)OCC(C)OCC(C)OCC(C)OCC(C)OCC(C)OCC(C)OCC(C)OCC(C)OCC(C)OCC(C)O/null/848.6319mz",NA,NA,NA,NA,NA,NA,3814842.5,18140430,NA,NA,NA,NA,NA,NA,NA,NA,NA,NA,NA,NA,NA,NA,NA,NA,NA,NA,NA
"1674/CCCCCCCCCCCCCCOCCOCCOCCOCCOCCOCCOCCOCCOCCOCCOCCOCCOCCO/null/804.6053mz",NA,NA,NA,NA,NA,NA,6072471,28249560,NA,NA,NA,NA,NA,NA,NA,NA,NA,NA,NA,NA,NA,NA,NA,NA,NA,NA,NA
"1681/CC(COC)OCC(C)OCC(C)OCC(C)OCC(C)OCC(C)OCC(C)OCC(C)OCC(C)OCC(C)OCC(C)OCC(C)OC/null/760.5792mz",NA,NA,NA,NA,NA,NA,6315857,32488192,NA,NA,NA,NA,NA,NA,NA,NA,NA,NA,NA,NA,NA,NA,NA,NA,NA,NA,NA
"1686/CCCOCCOCC(C(C(C(COCCOCCC)OCCOCCC)OCCOCCC)OCCOCCC)OCCOCCC/null/699.5266mz",NA,NA,NA,NA,NA,NA,317276.9375,3103242.25,NA,NA,NA,NA,NA,NA,NA,NA,NA,NA,NA,NA,NA,NA,NA,NA,NA,NA,NA
"1687/CCCOCCOCC(C(C(C(COCCOCCC)OCCOCCC)OCCOCCC)OCCOCCC)OCCOCCC/null/716.5528mz",NA,NA,NA,NA,NA,NA,7912071,37539348,NA,NA,NA,NA,NA,NA,NA,NA,NA,NA,NA,NA,NA,NA,NA,NA,NA,NA,NA
"1692/CCCCOC(C)COC(C)COC(C)COC(C)COC(C)COC(C)COC(C)COC(C)COC(C)COC(C)CO/null/672.5266mz",NA,NA,NA,NA,NA,NA,8474507,41403824,NA,NA,NA,NA,NA,NA,NA,NA,NA,NA,NA,NA,NA,NA,NA,NA,NA,NA,NA
"1693/CCCCOC(C)COC(C)COC(C)COC(C)COC(C)COC(C)COC(C)COC(C)COC(C)COC(C)CO/null/655.5001mz",NA,NA,NA,NA,NA,NA,295814.9375,2877490.5,NA,NA,NA,NA,NA,NA,NA,NA,NA,NA,NA,NA,NA,NA,NA,NA,NA,NA,NA
"1699/CCCCCCCCCCCCOCC(C)OCC(C)OCCOCCOCCOCCOCCOCCOCCO/null/611.4744mz",NA,NA,NA,NA,NA,NA,293958.375,2364777.5,NA,NA,NA,NA,NA,NA,NA,NA,NA,NA,NA,NA,NA,NA,NA,NA,NA,NA,NA
"1700/CCCCCCCCCCCCCCOCCOCCOCCOCCOCCOCCOCCOCCOCCO/3,6,9,12,15,18,21,24,27-Nonaoxahentetracontan-1-ol/628.5003mz",NA,NA,NA,NA,NA,NA,8412215,37395248,NA,NA,NA,NA,NA,NA,NA,NA,NA,NA,NA,NA,NA,NA,NA,NA,NA,NA,NA
"1702/CCCCCC(=O)NCCCCC(C(=O)NCCCCCC(=O)NCCCCCC(=O)C)NC(=O)CCCCC/null/567.4478mz",NA,NA,NA,NA,NA,NA,316577.5,2196437.25,NA,NA,NA,NA,NA,NA,NA,NA,NA,NA,NA,NA,NA,NA,NA,NA,NA,NA,NA
"1703/CCCCCC(=O)NCCCCC(C(=O)NCCCCCC(=O)NCCCCCC(=O)C)NC(=O)CCCCC/null/584.4742mz",NA,NA,NA,NA,NA,NA,7802129.5,35025380,NA,NA,NA,NA,NA,NA,NA,NA,NA,NA,NA,NA,NA,NA,NA,NA,NA,NA,NA
"1708/CCCCCCCCCCCCCOCC(C)OCCOCCOCCOCCOCCOCCO/null/523.4215mz",NA,NA,NA,NA,NA,NA,274597.25,1988292.25,NA,NA,NA,NA,NA,NA,NA,NA,NA,NA,NA,NA,NA,NA,NA,NA,NA,NA,NA
"1711/CCCCCCCCCCCCCOCC(C)OCCOCCOCCOCCOCCOCCO/null/540.4479mz",NA,NA,NA,NA,NA,NA,6291221.5,30792586,NA,NA,NA,NA,NA,NA,NA,NA,NA,NA,NA,NA,NA,NA,NA,NA,NA,NA,NA
"1712/CCCCCCCCCCCCOCCOCCOCCOCCOCCOCCOCC/3,6,9,12,15,18,21-Heptaoxatritriacontane/479.3951mz",NA,NA,NA,NA,NA,NA,390764.3125,2702806.75,NA,NA,NA,NA,NA,NA,NA,NA,NA,NA,NA,NA,NA,NA,NA,NA,NA,NA,NA
"1713/CCCCCCCCCCCCOCCOCCOCCOCCOCCOCCOCC/3,6,9,12,15,18,21-Heptaoxatritriacontane/496.4217mz",NA,NA,NA,NA,NA,NA,4300478,22711092,NA,NA,NA,NA,NA,NA,NA,NA,NA,NA,NA,NA,NA,NA,NA,NA,NA,NA,NA
"1720/CCCCCCCCCOC(C(CO)O)C(C(CO)O)OCCCCCCCCC/null/435.3690mz",NA,NA,NA,NA,NA,NA,693340.875,4156155,NA,NA,NA,NA,NA,NA,NA,NA,NA,NA,NA,NA,NA,NA,NA,NA,NA,NA,NA
"1721/CCCCCCCCCCCCCCOCCOCCOCCOCCOCCO/Tetradecylpentaglycol/452.3957mz",NA,NA,NA,NA,NA,NA,1906390.125,9940315,NA,NA,NA,NA,NA,NA,NA,NA,NA,NA,NA,NA,NA,NA,NA,NA,NA,NA,NA
"1723/CCCCCCCCCCCCCCOCCOCCOCCOCCO/Tetradecyltetraglycol/408.3690mz",NA,NA,NA,NA,NA,NA,365849.96875,1742550.375,NA,NA,NA,NA,NA,NA,NA,NA,NA,NA,NA,NA,NA,NA,NA,NA,NA,NA,NA
"1725/CCCCCCCCOCC(CO)OC(CO)COCCCCCCCC/null/391.3425mz",NA,NA,NA,NA,NA,NA,1063768.125,5394066,NA,NA,NA,NA,NA,NA,NA,NA,NA,NA,NA,NA,NA,NA,NA,NA,NA,NA,NA
"1729/CCCCCCCCCCCCCCOCCOCCOCCO/Myreth-3/347.3164mz",NA,NA,NA,NA,NA,NA,246083.546875,1166268.875,NA,NA,NA,NA,NA,NA,NA,NA,NA,NA,NA,NA,NA,NA,NA,NA,NA,NA,NA
"2381/CCCCCCCCCCCC=CCCCCCOCCOCCOCCOCCOCCOCCOCCOCCOCCN/null/664.5364mz",NA,NA,NA,NA,NA,NA,24964.74609375,23269.486328125,NA,NA,NA,NA,NA,NA,22397.876953125,22208.9375,21601.81640625,22141.51171875,23244.001953125,22153.97265625,22967.423828125,24932.541015625,NA,NA,NA,NA,NA
"2897/CCC(C)NCCO/2-(sec-butylamino)ethanol/118.1228mz",NA,NA,NA,NA,NA,NA,410887.46875,352622.5625,NA,NA,NA,NA,NA,NA,NA,NA,NA,NA,NA,NA,NA,NA,NA,NA,NA,NA,NA
"148/CC(=O)OC1C(C2C(CCC(C2(C3(C1(OC(CC3=O)(C)C=C)C)O)C)O)(C)C)O/Boforsin/449.1936mz",NA,NA,NA,NA,NA,NA,NA,NA,85451.0078125,320176.84375,290635.3125,283163.40625,NA,NA,NA,NA,206226.53125,194903.515625,NA,NA,NA,NA,NA,NA,NA,NA,NA
"222/COC1=CC2=C(CCC(=O)O2)C=C1/7-Methoxychroman-2-one/179.0707mz",NA,NA,NA,NA,NA,NA,NA,NA,236495.515625,271028.84375,NA,NA,383477.5625,350397.625,321295.5,313028.96875,NA,NA,NA,NA,197544.6875,215805.5625,NA,NA,266371.75,339813.53125,99609.75
"339/COCCOC1=C(C=CC(=C1)NC(=O)NCCCC(=O)O)OC/null/327.1559mz",NA,NA,NA,NA,NA,NA,NA,NA,146277.203125,243687.34375,273817.875,298619.71875,477354.6875,253620.171875,306775.25,254443.21875,244769.296875,258502.75,NA,NA,235258.484375,245464.296875,NA,NA,275946.125,171526.46875,NA
"387/COC1=CC(=CC(=C1OC(COC2C(C(C(C(O2)CO)O)O)O)C(C3=CC(=C(C=C3)O)OC)O)OC)C=CCO/null/591.2066mz",NA,NA,NA,NA,NA,NA,NA,NA,186586.078125,242169.75,192236.15625,212106.71875,NA,NA,NA,NA,NA,NA,NA,NA,NA,NA,NA,NA,NA,131005.4765625,110947.5625
"448/COC1=CC(=CC(=C1OC(COC2C(C(C(C(O2)CO)O)O)O)C(C3=CC(=C(C=C3)O)OC)O)OC)C=CCO/null/591.2066mz",NA,NA,NA,NA,NA,NA,NA,NA,192117.53125,215504.9375,NA,NA,NA,NA,175789.375,164603.546875,220756.921875,191192.46875,216776.25,156254.6875,141726.609375,156880.90625,NA,NA,NA,NA,NA
"1907/CCCCCCCCN(CCCCCCCC)C1=CC=C(C=C1)CCCCCOC2=CC=CC=C2/null/518.3769mz",NA,NA,NA,NA,NA,NA,NA,NA,76759.3515625,85088.6796875,NA,NA,NA,NA,NA,NA,NA,NA,92870.1796875,96746.3203125,81462.4296875,68537.265625,NA,NA,93336.734375,96510.6640625,104480.6796875
"1920/CCCCCCCCOC(=O)C1=CC=CC=C1C(=O)OCC(CC)CCCC/null/413.2669mz",NA,NA,NA,NA,NA,NA,NA,NA,512499.6875,447689.5625,NA,NA,NA,NA,NA,NA,NA,NA,445794.90625,425553.28125,NA,NA,NA,NA,NA,NA,NA
"2760/C1=CC=C(C=C1)C(=O)C2=CC=C(C=C2)OCCCCCCCCCCCCCCCCOC3=CC=C(C=C3)NC4=CC=CC=C4/null/628.3757mz",NA,NA,NA,NA,NA,NA,NA,NA,219641.0625,262637.5625,NA,NA,192289.5625,255954.953125,NA,NA,NA,NA,NA,NA,NA,NA,NA,NA,NA,NA,NA
"2910/CCCCCCCCCC(CC)NCCO/null/230.2482mz",NA,NA,NA,NA,NA,NA,NA,NA,1610107,1517058.5,NA,NA,1516292.625,1546335.875,NA,NA,NA,NA,NA,NA,NA,NA,NA,NA,NA,NA,NA
"2967/C=C(CNS(=O)(=O)C(F)F)Br/null/287.8895mz",NA,NA,NA,NA,NA,NA,NA,NA,483744.5625,612209.9375,634299.375,503688.375,NA,NA,NA,NA,NA,NA,NA,NA,NA,NA,NA,NA,539054.4375,445174.96875,NA
"2971/C1=CSC2=NC(=C(N21)S(=O)(=O)O)Br/null/264.8734mz",NA,NA,NA,NA,NA,NA,NA,NA,1060811.625,1010145.6875,NA,NA,NA,NA,NA,NA,NA,NA,NA,NA,NA,NA,NA,NA,NA,NA,NA
"96/CCC(C)C(C(=O)N1CCCC1C(=O)N2CCCC2C(=O)O)N/1-[1-(2-amino-3-methylpentanoyl)pyrrolidine-2-carbonyl]pyrrolidine-2-carboxylic acid/326.2088mz",NA,NA,NA,NA,NA,NA,NA,NA,NA,NA,1140904,1100009,2445427.75,2618373.75,512866,1524556.875,NA,NA,NA,NA,965536.1875,329438.875,NA,NA,500068.625,722083.125,113931.1796875
"169/NA/NA/Isovalerylcarnitine - 40.00 eV",NA,NA,NA,NA,NA,NA,NA,NA,NA,NA,350731.625,420533.5625,1368347.125,770631.6875,NA,NA,488079.6875,617247.375,1349815.375,910007.8125,682416.4375,234753.375,NA,NA,426413.84375,791198.0625,NA
"283/CC1C(C(C(C(O1)OC2C(C(C(OC2C3=C(C=C(C4=C3OC(=CC4=O)C5=CC(=C(C=C5)O)O)O)O)CO)O)O)O)O)O/Orientin 2''''-O-rhamnoside/595.1673mz",NA,NA,NA,NA,NA,NA,NA,NA,NA,NA,383605.84375,280013.5,NA,NA,NA,NA,NA,NA,NA,NA,NA,NA,NA,NA,NA,NA,NA
"290/CC(C1CC1)NC(C)C(=O)O/null/158.1179mz",NA,NA,NA,NA,NA,NA,NA,NA,NA,NA,413210,445182.71875,846435.6875,521687.875,380323.96875,488850.875,369136.0625,443788.21875,NA,NA,394648.96875,443667.09375,NA,NA,NA,NA,NA
"311/COC1=CC=C(C=C1)OCC(=O)NCC(=O)NCC(OC)OC/null/327.1567mz",NA,NA,NA,NA,NA,NA,NA,NA,NA,NA,185758.203125,166236.296875,NA,NA,NA,NA,NA,NA,NA,NA,NA,NA,NA,NA,NA,NA,NA
"364/CC(C)C(C(=O)N1CCCC1C(=O)N2CCCC2C(=O)NC(CC3=CC=CC=C3)C(=O)O)N/2-[[1-[1-(2-amino-3-methylbutanoyl)pyrrolidine-2-carbonyl]pyrrolidine-2-carbonyl]amino]-3-phenylpropanoic acid/459.2613mz",NA,NA,NA,NA,NA,NA,NA,NA,NA,NA,1346779.25,1346991.375,NA,NA,924708.4375,763233.5625,NA,NA,NA,NA,799196.3125,884941.75,NA,NA,NA,NA,NA
"2928/CCCCCCCCCCCCNCCO/2-Dodecylamino-ethanol/230.2482mz",NA,NA,NA,NA,NA,NA,NA,NA,NA,NA,565951.0625,601277.0625,NA,NA,NA,NA,NA,NA,NA,NA,NA,NA,673542.6875,651931.9375,NA,NA,NA
"188/CCOC(=O)C(CC(C)C)N/AmbotzHAA6800/160.1336mz",NA,NA,NA,NA,NA,NA,NA,NA,NA,NA,NA,NA,373366.375,252557.515625,NA,NA,NA,NA,NA,NA,NA,NA,NA,NA,NA,NA,NA
"234/[B]1NB(NB(N1)C)C/2,4-Dimethylborazine/128.1072mz",NA,NA,NA,NA,NA,NA,NA,NA,NA,NA,NA,NA,514552.6875,136905.5,NA,NA,NA,NA,NA,NA,NA,NA,NA,NA,NA,NA,NA
"379/COC1=C(C=C(C=C1)C(=O)NC2=CC(=C(C=C2C(=O)N)OC)OC)OC/null/361.1405mz",NA,NA,NA,NA,NA,NA,NA,NA,NA,NA,NA,NA,197129.21875,107930.9296875,NA,NA,NA,NA,NA,NA,NA,NA,NA,NA,NA,NA,NA
"2888/CCN(CC)CC/Triethylamin/102.1278mz",NA,NA,NA,NA,NA,NA,NA,NA,NA,NA,NA,NA,2067964.25,2190327,NA,NA,NA,NA,NA,NA,2290659.5,2151814.5,NA,NA,NA,NA,NA
"90/CCC(C)C(C(=O)NC(CCC(=O)O)C(=O)O)NC(=O)C(C(C)C)N/2-[[2-[(2-amino-3-methylbutanoyl)amino]-3-methylpentanoyl]amino]pentanedioic acid/360.2146mz",NA,NA,NA,NA,NA,NA,NA,NA,NA,NA,NA,NA,NA,NA,353737,315975.21875,NA,NA,NA,NA,NA,NA,NA,NA,NA,NA,NA
"91/CC1(C2C1C(N(C2)C(=O)C(C(C)(C)C)NC(=O)NC3(CCCCC3)CSC(C)(C)C)C(=O)NC(CC4CC4)C(=O)C(=O)N)C/(1R,2S)-N-(4-amino-1-cyclopropyl-3,4-dioxobutan-2-yl)-3-[(2S)-2-[[1-(tert-butylsulfanylmethyl)cyclohexyl]carbamoylamino]-3,3-dimethylbutanoyl]-6,6-dimethyl-3-azabicyclo[3.1.0]hexane-2-carboxamide/656.3830mz",NA,NA,NA,NA,NA,NA,NA,NA,NA,NA,NA,NA,NA,NA,2377680.25,2442635.75,NA,NA,NA,NA,NA,NA,NA,NA,NA,NA,NA
"123/CC(C)CC(C(=O)NC(CO)C(=O)N1CCCC1C(=O)NC(CO)C(=O)NC(CCC(=O)N)C(=O)NC(CCC(=O)O)C(=O)O)NC(=O)C2CCCN2/null/757.3764mz",NA,NA,NA,NA,NA,NA,NA,NA,NA,NA,NA,NA,NA,NA,403984.34375,1181006.5,NA,NA,NA,NA,514736.625,352388.53125,NA,NA,NA,NA,NA
"191/CCC(C)C(C(=O)NC(C)C(=O)NC(C(C)C)C(=O)N1CCCC1C(=O)NC(C(C)O)C(=O)NCC(=O)O)N/null/557.3309mz",NA,NA,NA,NA,NA,NA,NA,NA,NA,NA,NA,NA,NA,NA,226908.03125,216273.65625,NA,NA,NA,NA,NA,NA,NA,NA,NA,NA,NA
"198/C1CC(N(C1)C(=O)C(CCC(=O)N)NC(=O)C(CCCN=C(N)N)NC(=O)C(CCC(=O)N)N)C(=O)O/1-[5-amino-2-[[5-(diaminomethylideneamino)-2-[(2,5-diamino-5-oxopentanoyl)amino]pentanoyl]amino]-5-oxopentanoyl]pyrrolidine-2-carboxylic acid/528.2864mz",NA,NA,NA,NA,NA,NA,NA,NA,NA,NA,NA,NA,NA,NA,811534.8125,518686.125,NA,NA,NA,NA,NA,NA,NA,NA,NA,NA,NA
"220/C1CC(N(C1)C(=O)CNC(=O)C2CCCN2C(=O)C(CC3=CC=CC=C3)N)C(=O)O/L-Proline, L-phenylalanyl-L-prolylglycyl-/417.2142mz",NA,NA,NA,NA,NA,NA,NA,NA,NA,NA,NA,NA,NA,NA,422863.78125,294541.375,NA,NA,NA,NA,NA,NA,NA,NA,NA,NA,NA
"229/CC(C)CC(C(=O)NC(CO)C(=O)N1CCCC1C(=O)NC(C)C(=O)NC(CC(=O)O)C(=O)O)NC(=O)C(C(C)C)N/2-[2-[[1-[2-[[2-[(2-amino-3-methylbutanoyl)amino]-4-methylpentanoyl]amino]-3-hydroxypropanoyl]pyrrolidine-2-carbonyl]amino]propanoylamino]butanedioic acid/601.3213mz",NA,NA,NA,NA,NA,NA,NA,NA,NA,NA,NA,NA,NA,NA,333034.125,342564.1875,NA,NA,NA,NA,NA,NA,NA,NA,NA,NA,NA
"236/CCC(C)C1C(=O)NC(C(=O)NC(C(=O)NC(C(=O)NC(C(=O)NC(C(=O)N1)C(C)C)CO)CCCCN)CC(=O)O)CC(=O)O/2-[(2S,5S,8S,11S,14S,17S)-5-(4-aminobutyl)-14-[(2S)-butan-2-yl]-17-(carboxymethyl)-8-(hydroxymethyl)-3,6,9,12,15,18-hexaoxo-11-propan-2-yl-1,4,7,10,13,16-hexazacyclooctadec-2-yl]acetic acid/658.3390mz",NA,NA,NA,NA,NA,NA,NA,NA,NA,NA,NA,NA,NA,NA,400137.65625,399412.9375,NA,NA,NA,NA,NA,NA,NA,NA,NA,NA,NA
"270/CC1=CC2=C(C=C1)N=C(C=C2)C=C/null/170.0968mz",NA,NA,NA,NA,NA,NA,NA,NA,NA,NA,NA,NA,NA,NA,422494.34375,361374.6875,NA,NA,NA,NA,368792.25,446951.65625,NA,NA,496414.0625,498604.34375,295242.125
"304/CCC(C)C(C(=O)NC(CC(=O)O)C(=O)NC(CC(C)C)C(=O)NC(CCC(=O)N)C(=O)NC(CCC(=O)O)C(=O)NC(CC(C)C)C(=O)NCC(=O)O)N/null/787.4226mz",NA,NA,NA,NA,NA,NA,NA,NA,NA,NA,NA,NA,NA,NA,445498.96875,402948.875,NA,NA,NA,NA,NA,NA,NA,NA,NA,NA,NA
"328/CCC(C)C(C(=O)O)NC(=O)C1C(CCCN1)C/null/257.1864mz",NA,NA,NA,NA,NA,NA,NA,NA,NA,NA,NA,NA,NA,NA,919277.625,774955.8125,NA,NA,NA,NA,NA,NA,NA,NA,NA,NA,NA
"432/CC(C)CC(C(=O)N1CCCC1C(=O)NC(C(C)C)C(=O)N2CCCC2C(=O)NC(CCC(=O)N)C(=O)O)N/(2S)-5-amino-2-[[(2S)-1-[(2S)-2-[[(2S)-1-[(2S)-2-amino-4-methylpentanoyl]pyrrolidine-2-carbonyl]amino]-3-methylbutanoyl]pyrrolidine-2-carbonyl]amino]-5-oxopentanoic acid/553.3355mz",NA,NA,NA,NA,NA,NA,NA,NA,NA,NA,NA,NA,NA,NA,1053340.375,969858.0625,NA,NA,NA,NA,NA,NA,NA,NA,NA,NA,NA
"501/CC(C)C(C(=O)NC(C(C)C)C(=O)N1CCCC1C(=O)N2CCCC2C(=O)NC(CC3=CC=CC=C3)C(=O)O)N/null/558.3295mz",NA,NA,NA,NA,NA,NA,NA,NA,NA,NA,NA,NA,NA,NA,2640904,2364489.25,NA,NA,NA,NA,NA,NA,NA,NA,NA,NA,NA
"565/CC(C)C(C(=O)N1CCCC1C(=O)NC(CC2=CC=CC=C2)C(=O)N3CCCC3C(=O)O)NC(=O)C(CC4=CC=C(C=C4)O)N/null/622.3242mz",NA,NA,NA,NA,NA,NA,NA,NA,NA,NA,NA,NA,NA,NA,1213004.75,999889.125,NA,NA,NA,NA,NA,NA,NA,NA,NA,NA,NA
"718/CC(C)CC(C(=O)O)NC(=O)C(CC1=CC=CC=C1)NC(=O)C2CCCN2C(=O)C3CCCN3C(=O)C(C(C)C)NC(=O)C(C(C)C)N/null/671.4138mz",NA,NA,NA,NA,NA,NA,NA,NA,NA,NA,NA,NA,NA,NA,327057.03125,222335.1875,NA,NA,NA,NA,NA,NA,NA,NA,NA,NA,NA
"857/CC(C)(C)N1CC(=O)N(CC(=O)N(CC(=O)N(CC(=O)N(CC(=O)N(CC(=O)N(CC1=O)C(C)(C)C)C(C)(C)C)C(C)(C)C)C(C)(C)C)C(C)(C)C)C(C)(C)C/null/792.5983mz",NA,NA,NA,NA,NA,NA,NA,NA,NA,NA,NA,NA,NA,NA,3371209.5,3218041,NA,NA,NA,NA,NA,NA,NA,NA,NA,2020407.375,1016399.1875
"2911/CCCCCCCCCCCC[N+](C)(C)CC1=CC=CC=C1/Ajatin/304.3005mz",NA,NA,NA,NA,NA,NA,NA,NA,NA,NA,NA,NA,NA,NA,267242.3125,179053.90625,NA,NA,NA,NA,NA,NA,NA,NA,NA,236026.296875,220744.25
"208/CC(C)CC(C(=O)O)NC(=O)C(CO)NC(=O)C(CC1=CC=C(C=C1)O)N/L-Leucine, N-(N-L-tyrosyl-L-seryl)-/382.1981mz",NA,NA,NA,NA,NA,NA,NA,NA,NA,NA,NA,NA,NA,NA,NA,NA,213733.71875,238847.40625,NA,NA,NA,NA,NA,NA,NA,NA,NA
"305/C[Cl-]C1=CC=CC(=C1)CCl/1-(chloromethyl)-3-methylchloranuidylbenzene/177.0226mz",NA,NA,NA,NA,NA,NA,NA,NA,NA,NA,NA,NA,NA,NA,NA,NA,264130.28125,215030.5,NA,NA,NA,NA,NA,NA,NA,NA,NA
"1164/CC(=CC(=C(C=C(C)C)C=C(C)C)C=C(C)C)C/2,4,6-Octatriene, 2,7-dimethyl-4,5-bis(2-methyl-1-propenyl)-/283.1828mz",NA,NA,NA,NA,NA,NA,NA,NA,NA,NA,NA,NA,NA,NA,NA,NA,39060.15234375,46313.47265625,NA,NA,NA,NA,NA,NA,NA,NA,NA
"213/NA/NA/""""""3,5-DIMETHOXYPHENOL""""""",NA,NA,NA,NA,NA,NA,NA,NA,NA,NA,NA,NA,NA,NA,NA,NA,NA,NA,252853.0625,225334.796875,NA,NA,NA,NA,214207.890625,200049.6875,67807.203125
"247/CCNC(CC(C)C)C(=O)NC(C)C(=O)NC(CCCCN1C(=O)CCC1=O)C(=O)C(C)C/null/467.3238mz",NA,NA,NA,NA,NA,NA,NA,NA,NA,NA,NA,NA,NA,NA,NA,NA,NA,NA,284749.03125,362897.125,NA,NA,NA,NA,NA,NA,NA
"301/NA/NA/Isoshaftoside",NA,NA,NA,NA,NA,NA,NA,NA,NA,NA,NA,NA,NA,NA,NA,NA,NA,NA,187335.421875,176766.15625,NA,NA,NA,NA,NA,NA,NA
"105/CC(C)CC(C(=O)NC(CCC(=O)O)C(=O)N1CCCC1C(=O)O)NC(=O)C(CO)NC(=O)C2CCCN2C(=O)C(CC(=O)N)N/null/656.3264mz",NA,NA,NA,NA,NA,NA,NA,NA,NA,NA,NA,NA,NA,NA,NA,NA,NA,NA,NA,NA,720438.375,373942.1875,NA,NA,NA,NA,NA
"189/C(C(CC(=O)O)C(=O)O)C(=O)O/Tricarballylate/159.0292mz",NA,NA,NA,NA,NA,NA,NA,NA,NA,NA,NA,NA,NA,NA,NA,NA,NA,NA,NA,NA,262528.9375,297736.9375,NA,NA,NA,NA,NA
"497/CC(C)C(C(=O)NC(CCCCN)C(=O)NC(C)C(=O)N)NC(=O)C(C)NC(=O)C(C)CCCCN/null/552.3293mz",NA,NA,NA,NA,NA,NA,NA,NA,NA,NA,NA,NA,NA,NA,NA,NA,NA,NA,NA,NA,267483.28125,204289.359375,NA,NA,NA,NA,NA
"636/NA/NA/""Peptide with possible PPQVV seq, Possibly media derived""",NA,NA,NA,NA,NA,NA,NA,NA,NA,NA,NA,NA,NA,NA,NA,NA,NA,NA,NA,NA,364762.96875,358378.25,NA,NA,NA,NA,NA
"770/C1=NC(=C2C(=N1)N(C=N2)C3C(C(C(O3)COP(=O)(C(P(=O)(C(P(=O)(O)O)(Cl)Cl)O)(Cl)Cl)O)O)O)N/null/661.8724mz",NA,NA,NA,NA,NA,NA,NA,NA,NA,NA,NA,NA,NA,NA,NA,NA,NA,NA,NA,NA,126596.765625,155704.421875,NA,NA,NA,NA,NA
"2844/CCCCCCCCCCCCCC(C(C[N+](C)(C)C)OC(=O)NCCCC(=O)OCCCC)OC(=O)NCCCC(=O)OCCCC/null/708.5116mz",NA,NA,NA,NA,NA,NA,NA,NA,NA,NA,NA,NA,NA,NA,NA,NA,NA,NA,NA,NA,9699.58203125,40791.13671875,NA,NA,NA,NA,NA
"2895/CCC=CCC=CCC=CCC=CCC=CCC=CCCCOCC(CN(C)C)OCCCC=CCC=CCC=CCC=CCC=CCC=CC/null/736.5445mz",NA,NA,NA,NA,NA,NA,NA,NA,NA,NA,NA,NA,NA,NA,NA,NA,NA,NA,NA,NA,175038.046875,194304.390625,226342.390625,224218.125,270391.6875,245412.1875,267174.625
"1105/CCCCCCCCCCCCN(CCO)CCO/Lauryldiethanolamine/274.2746mz",NA,NA,NA,NA,NA,NA,NA,NA,NA,NA,NA,NA,NA,NA,NA,NA,NA,NA,NA,NA,NA,NA,153534.359375,839603.75,NA,NA,NA
"2785/CCCCCCCCCCCCCCCCCCCC(=O)NC(CCC(=O)NC(CCCCCCCCC(C(=O)O)N)C(=O)O)C(=O)O/null/706.4972mz",NA,NA,NA,NA,NA,NA,NA,NA,NA,NA,NA,NA,NA,NA,NA,NA,NA,NA,NA,NA,NA,NA,334234.4375,311055.65625,264615.25,298258.1875,NA
"2894/C1=CC=C(C=C1)CONC(=O)NC2=C(C=CC(=C2)F)F/null/279.0939mz",NA,NA,NA,NA,NA,NA,NA,NA,NA,NA,NA,NA,NA,NA,NA,NA,NA,NA,NA,NA,NA,NA,786169.25,799750.875,NA,NA,NA
"2920/CCN(CC)CC/Triethylamin/102.1278mz",NA,NA,NA,NA,NA,NA,NA,NA,NA,NA,NA,NA,NA,NA,NA,NA,NA,NA,NA,NA,NA,NA,755823,509374.9375,NA,NA,NA
"626/COC1=CC(=CC(=C1OC)OC)C2CCC(O2)C3=CC(=C(C=C3)O)OC/2-methoxy-4-[5-(3,4,5-trimethoxyphenyl)oxolan-2-yl]phenol/361.1653mz",NA,NA,NA,NA,NA,NA,NA,NA,NA,NA,NA,NA,NA,NA,NA,NA,NA,NA,NA,NA,NA,NA,NA,NA,249669.59375,272552.03125,NA
"2351/CCCCCCCCC1=C(N=NC(=N1)C2=NC(=CC=C2)C3=NC(=C(N=N3)CCCCCCCC)CCCCCCCC)CCCCCCCC/null/708.5686mz",NA,NA,NA,NA,NA,NA,NA,NA,NA,NA,NA,NA,NA,NA,NA,NA,NA,NA,NA,NA,NA,NA,NA,NA,17747.0703125,20239.16796875,18705.259765625
"2802/CCC=CCC=CCC=CCC=CCC=CCC=CCCCOCC(CN(C)C)OCCCC=CCC=CCC=CCC=CCC=CCC=CC/null/736.5440mz",NA,NA,NA,NA,NA,NA,NA,NA,NA,NA,NA,NA,NA,NA,NA,NA,NA,NA,NA,NA,NA,NA,NA,NA,54382.38671875,77701.609375,NA
"2887/NA/NA/Spectral Match to 6-Aminocaproic acid from NIST14",NA,NA,NA,NA,NA,NA,NA,NA,NA,NA,NA,NA,NA,NA,NA,NA,NA,NA,NA,NA,NA,NA,NA,NA,130592.6328125,NA,139768.4375
